order_item_id,order_id,inventory_id,promotion_id,quantity,unit_price,discount_amount,total_item_price
1,1,845,,2,30.98,0.0,61.96
2,2,1396,,1,78.12,0.0,78.12
3,2,2124,,1,119.67,0.0,119.67
4,2,1395,,1,78.12,0.0,78.12
5,2,442,,3,93.6,0.0,280.8
6,3,2439,,3,30.22,0.0,90.66
7,4,2222,,2,52.69,0.0,105.38
8,4,2685,,1,38.24,0.0,38.24
9,5,1934,,3,118.19,0.0,354.57
10,5,28,,2,109.68,0.0,219.36
11,5,1840,,2,188.12,0.0,376.24
12,5,1098,,3,48.41,0.0,145.23
13,6,104,3,1,91.98,9.2,82.78
14,7,799,,1,34.45,0.0,34.45
15,7,2768,,3,30.43,0.0,91.29
16,7,2085,,2,123.56,0.0,247.12
17,8,1920,,2,165.67,0.0,331.34
18,8,826,,2,27.43,0.0,54.86
19,9,2801,,2,125.29,0.0,250.58
20,10,412,,2,115.49,0.0,230.98
21,10,95,3,1,91.98,9.2,82.78
22,11,94,3,1,91.98,9.2,82.78
23,11,598,,1,31.66,0.0,31.66
24,11,2221,,3,52.69,0.0,158.07
25,11,1759,,1,40.94,0.0,40.94
26,12,225,,1,92.17,0.0,92.17
27,12,1354,,3,63.46,0.0,190.38
28,12,361,,1,75.87,0.0,75.87
29,13,858,,2,24.09,0.0,48.18
30,14,1929,,2,213.71,0.0,427.42
31,14,444,,1,93.6,0.0,93.6
32,15,1546,,2,66.93,0.0,133.86
33,15,2178,,1,60.83,0.0,60.83
34,15,753,,1,28.44,0.0,28.44
35,15,889,,3,31.41,0.0,94.23
36,16,2358,,1,89.23,0.0,89.23
37,16,2664,,3,39.64,0.0,118.92
38,16,26,,3,109.68,0.0,329.04
39,17,1074,,1,30.52,0.0,30.52
40,17,1786,,1,45.76,0.0,45.76
41,18,1353,,1,63.46,0.0,63.46
42,18,2348,,2,86.55,0.0,173.1
43,18,993,,3,37.02,0.0,111.06
44,19,1245,,1,62.2,0.0,62.2
45,19,826,,3,27.43,0.0,82.29
46,20,970,,2,38.67,0.0,77.34
47,20,1235,,2,62.2,0.0,124.4
48,20,2662,,2,39.64,0.0,79.28
49,21,993,,3,37.02,0.0,111.06
50,21,2753,,1,56.0,0.0,56.0
51,21,1730,,2,43.6,0.0,87.2
52,21,1839,,1,188.12,0.0,188.12
53,22,111,,2,120.48,0.0,240.96
54,22,502,,1,115.34,0.0,115.34
55,22,889,,2,31.41,0.0,62.82
56,22,1587,,1,60.45,0.0,60.45
57,23,42,1,2,66.52,13.3,106.44
58,24,2726,,2,46.18,0.0,92.36
59,24,268,,2,69.77,0.0,139.54
60,25,2122,,1,119.67,0.0,119.67
61,25,1570,,1,82.19,0.0,82.19
62,25,1572,,2,82.19,0.0,164.38
63,25,983,,2,38.67,0.0,77.34
64,26,1167,,1,73.5,0.0,73.5
65,26,2801,,3,125.29,0.0,375.87
66,26,74,,3,89.08,0.0,267.24
67,26,1396,,1,78.12,0.0,78.12
68,27,65,,1,125.29,0.0,125.29
69,27,288,,2,88.71,0.0,177.42
70,27,2282,,3,67.45,0.0,202.35
71,28,205,,2,115.64,0.0,231.28
72,28,1931,,3,213.71,0.0,641.13
73,28,1478,,1,56.16,0.0,56.16
74,28,2222,,2,52.69,0.0,105.38
75,29,1587,,3,60.45,0.0,181.35
76,30,226,,2,92.17,0.0,184.34
77,31,1333,,1,69.78,0.0,69.78
78,31,799,,1,34.45,0.0,34.45
79,31,630,,2,27.56,0.0,55.12
80,31,2236,,1,73.17,0.0,73.17
81,32,2498,,2,17.0,0.0,34.0
82,32,2558,,2,32.6,0.0,65.2
83,33,2716,,3,41.49,0.0,124.47
84,33,1193,,1,60.24,0.0,60.24
85,33,1011,,1,37.74,0.0,37.74
86,34,2376,,2,63.75,0.0,127.5
87,34,460,,1,119.81,0.0,119.81
88,35,698,,1,29.12,0.0,29.12
89,35,2455,,2,16.02,0.0,32.04
90,35,481,,2,131.03,0.0,262.06
91,35,598,,2,31.66,0.0,63.32
92,36,781,,1,25.37,0.0,25.37
93,36,1523,,2,57.78,0.0,115.56
94,36,2803,,1,125.29,0.0,125.29
95,36,457,,3,119.81,0.0,359.43
96,37,2578,,1,33.2,0.0,33.2
97,37,2180,,3,60.83,0.0,182.49
98,37,1729,,1,43.6,0.0,43.6
99,37,1300,,2,78.14,0.0,156.28
100,38,2132,,2,112.68,0.0,225.36
101,39,1458,,2,79.36,0.0,158.72
102,39,918,,1,72.56,0.0,72.56
103,40,1215,,1,65.22,0.0,65.22
104,41,2579,,1,33.2,0.0,33.2
105,42,2568,,1,35.71,0.0,35.71
106,42,1067,1,2,30.52,6.1,48.84
107,42,844,,3,30.95,0.0,92.85
108,43,1521,,3,57.78,0.0,173.34
109,43,1173,,1,69.33,0.0,69.33
110,43,799,,1,34.45,0.0,34.45
111,43,1547,,1,66.93,0.0,66.93
112,44,74,,1,89.08,0.0,89.08
113,44,846,,1,30.98,0.0,30.98
114,44,1299,,3,78.14,0.0,234.42
115,45,2298,,1,45.53,0.0,45.53
116,45,485,,1,152.1,0.0,152.1
117,46,443,,2,93.6,0.0,187.2
118,47,1248,,2,62.2,0.0,124.4
119,47,1786,,2,45.76,0.0,91.52
120,47,2234,,3,73.17,0.0,219.51
121,47,58,,2,126.29,0.0,252.58
122,48,1333,,3,69.78,0.0,209.34
123,49,1758,,1,40.94,0.0,40.94
124,49,2420,,1,31.19,0.0,31.19
125,50,1855,,2,188.98,0.0,377.96
126,50,483,,3,131.03,0.0,393.09
127,51,1748,,2,40.94,0.0,81.88
128,51,2073,,2,179.19,0.0,358.38
129,51,2164,,1,73.87,0.0,73.87
130,52,2222,,1,52.69,0.0,52.69
131,52,2753,,1,56.0,0.0,56.0
132,52,1684,,2,87.27,0.0,174.54
133,52,1416,,3,63.97,0.0,191.91
134,53,2375,,2,63.75,0.0,127.5
135,53,1416,,1,63.97,0.0,63.97
136,53,267,,2,69.77,0.0,139.54
137,54,26,,3,109.68,0.0,329.04
138,54,2085,,1,123.56,0.0,123.56
139,54,1729,,1,43.6,0.0,43.6
140,55,1278,,1,52.5,0.0,52.5
141,56,1780,,2,68.67,0.0,137.34
142,56,1223,,1,79.11,0.0,79.11
143,56,1964,,2,180.97,0.0,361.94
144,56,2253,,2,45.42,0.0,90.84
145,57,1001,,1,37.74,0.0,37.74
146,57,1241,,2,62.2,0.0,124.4
147,58,1897,,1,218.83,0.0,218.83
148,58,2310,,1,69.62,0.0,69.62
149,59,1779,,2,68.67,0.0,137.34
150,59,2266,,2,64.79,0.0,129.58
151,59,2480,,1,18.8,0.0,18.8
152,59,2219,,3,52.69,0.0,158.07
153,60,2763,,1,52.76,0.0,52.76
154,60,1883,,3,214.56,0.0,643.68
155,61,2101,,2,151.1,0.0,302.2
156,61,31,,3,109.68,0.0,329.04
157,62,524,,3,28.81,0.0,86.43
158,62,1474,,2,56.16,0.0,112.32
159,62,2574,,1,35.71,0.0,35.71
160,63,2789,,3,75.68,0.0,227.04
161,63,748,,3,31.44,0.0,94.32
162,64,1567,,3,82.19,0.0,246.57
163,64,31,,3,109.68,0.0,329.04
164,64,2589,,1,33.2,0.0,33.2
165,65,1038,,2,39.7,0.0,79.4
166,65,551,,1,22.63,0.0,22.63
167,66,1177,,3,69.33,0.0,207.99
168,66,1291,,3,78.14,0.0,234.42
169,67,746,,1,31.44,0.0,31.44
170,67,1191,,3,60.24,0.0,180.72
171,68,2625,,2,54.21,0.0,108.42
172,69,2256,,2,45.42,0.0,90.84
173,69,772,,1,28.44,0.0,28.44
174,69,133,,3,115.73,0.0,347.19
175,69,1423,,2,59.6,0.0,119.2
176,70,1780,,1,68.67,0.0,68.67
177,71,2679,,2,40.55,0.0,81.1
178,71,2702,,3,34.28,0.0,102.84
179,71,1052,,3,57.95,0.0,173.85
180,72,668,,1,16.53,0.0,16.53
181,72,1322,,3,43.65,0.0,130.95
182,72,1419,,2,63.97,0.0,127.94
183,72,1896,,2,133.36,0.0,266.72
184,73,1520,,2,57.78,0.0,115.56
185,73,2773,,3,64.89,0.0,194.67
186,74,451,,2,93.6,0.0,187.2
187,74,497,,3,115.34,0.0,346.02
188,75,2051,,1,99.32,0.0,99.32
189,75,266,,1,69.77,0.0,69.77
190,75,256,,3,119.25,0.0,357.75
191,75,1245,,1,62.2,0.0,62.2
192,76,499,,1,115.34,0.0,115.34
193,76,2173,,3,73.87,0.0,221.61
194,76,1815,,3,176.77,0.0,530.31
195,77,959,,2,37.42,0.0,74.84
196,77,786,,3,25.37,0.0,76.11
197,78,159,,1,111.24,0.0,111.24
198,78,668,,2,16.53,0.0,33.06
199,79,989,,2,37.02,0.0,74.04
200,79,2733,,3,63.42,0.0,190.26
201,80,2070,,1,135.41,0.0,135.41
202,80,1814,,1,176.77,0.0,176.77
203,80,345,,3,76.34,0.0,229.02
204,80,2727,,2,46.18,0.0,92.36
205,81,1054,,2,57.95,0.0,115.9
206,82,365,,1,75.87,0.0,75.87
207,82,2544,,3,32.6,0.0,97.8
208,82,2750,,3,56.0,0.0,168.0
209,83,1230,,2,79.11,0.0,158.22
210,83,151,,2,102.19,0.0,204.38
211,83,158,,1,111.24,0.0,111.24
212,83,1591,,2,60.45,0.0,120.9
213,84,2346,,3,86.55,0.0,259.65
214,84,347,,3,76.34,0.0,229.02
215,85,701,,1,29.12,0.0,29.12
216,85,1378,,2,78.74,0.0,157.48
217,85,219,,3,92.17,0.0,276.51
218,85,551,,1,22.63,0.0,22.63
219,86,273,,1,69.77,0.0,69.77
220,87,246,,2,119.25,0.0,238.5
221,87,1877,,3,214.56,0.0,643.68
222,87,1815,,2,176.77,0.0,353.54
223,87,605,1,3,31.66,6.33,75.99
224,88,923,,1,72.56,0.0,72.56
225,88,1620,,1,69.5,0.0,69.5
226,88,2100,,1,151.1,0.0,151.1
227,89,1164,1,1,73.5,14.7,58.8
228,90,1143,,3,78.89,0.0,236.67
229,90,1360,,2,56.43,0.0,112.86
230,90,625,,2,27.56,0.0,55.12
231,91,1698,,2,56.41,0.0,112.82
232,91,1046,,3,39.7,0.0,119.1
233,91,2127,,2,112.68,0.0,225.36
234,91,1418,,3,63.97,0.0,191.91
235,92,1723,,2,46.46,0.0,92.92
236,93,1429,,1,59.6,0.0,59.6
237,93,2659,,1,27.37,0.0,27.37
238,94,501,,2,115.34,0.0,230.68
239,94,74,,2,89.08,0.0,178.16
240,94,2425,,3,22.05,0.0,66.15
241,94,127,,2,115.73,0.0,231.46
242,95,132,,1,115.73,0.0,115.73
243,95,2112,,1,151.1,0.0,151.1
244,95,2134,,1,112.68,0.0,112.68
245,95,2439,,2,30.22,0.0,60.44
246,96,119,,3,120.48,0.0,361.44
247,96,1589,,1,60.45,0.0,60.45
248,96,1229,,1,79.11,0.0,79.11
249,97,2062,,3,135.41,0.0,406.23
250,98,1847,,3,148.8,0.0,446.4
251,98,2215,,1,52.69,0.0,52.69
252,99,1164,,3,73.5,0.0,220.5
253,100,1181,,2,69.33,0.0,138.66
254,100,53,,3,126.29,0.0,378.87
255,100,584,,3,15.16,0.0,45.48
256,101,38,,2,66.52,0.0,133.04
257,101,2214,,3,52.69,0.0,158.07
258,101,182,,3,76.61,0.0,229.83
259,101,1700,,1,56.41,0.0,56.41
260,102,2120,,1,119.67,0.0,119.67
261,103,771,,1,28.44,0.0,28.44
262,103,271,,1,69.77,0.0,69.77
263,104,2659,,3,27.37,0.0,82.11
264,105,1177,,2,69.33,0.0,138.66
265,106,1526,,2,81.11,0.0,162.22
266,106,2733,,3,63.42,0.0,190.26
267,107,1749,,3,40.94,0.0,122.82
268,107,1576,,2,82.19,0.0,164.38
269,107,1950,,2,180.97,0.0,361.94
270,108,497,,3,115.34,0.0,346.02
271,109,1856,,3,188.98,0.0,566.94
272,109,126,,3,115.73,0.0,347.19
273,110,761,,2,28.44,0.0,56.88
274,110,329,,2,77.49,0.0,154.98
275,110,2586,,2,33.2,0.0,66.4
276,110,2802,,1,125.29,0.0,125.29
277,111,2415,,3,31.19,0.0,93.57
278,111,1599,,1,60.45,0.0,60.45
279,112,2720,,2,62.95,0.0,125.9
280,112,2456,,3,16.02,0.0,48.06
281,112,315,,2,68.47,0.0,136.94
282,113,1998,,3,165.53,0.0,496.59
283,113,630,,2,27.56,0.0,55.12
284,114,983,,1,38.67,0.0,38.67
285,114,889,,1,31.41,0.0,31.41
286,114,2221,,2,52.69,0.0,105.38
287,114,60,,2,126.29,0.0,252.58
288,115,971,,1,38.67,0.0,38.67
289,116,1260,,2,73.1,0.0,146.2
290,116,1533,,3,81.11,0.0,243.33
291,116,610,,3,19.38,0.0,58.14
292,116,1781,,3,45.76,0.0,137.28
293,117,2177,,3,60.83,0.0,182.49
294,117,2123,,1,119.67,0.0,119.67
295,117,1445,,3,88.81,0.0,266.43
296,117,2325,,1,88.65,0.0,88.65
297,118,28,,3,109.68,0.0,329.04
298,118,1823,,3,176.77,0.0,530.31
299,119,1146,,2,78.89,0.0,157.78
300,120,1587,,1,60.45,0.0,60.45
301,120,1886,,1,133.36,0.0,133.36
302,120,1571,,1,82.19,0.0,82.19
303,121,1684,,2,87.27,0.0,174.54
304,122,1274,,3,52.5,0.0,157.5
305,122,481,,2,131.03,0.0,262.06
306,122,1146,,1,78.89,0.0,78.89
307,123,2619,,3,54.21,0.0,162.63
308,124,2767,,3,30.43,0.0,91.29
309,124,2081,,1,179.19,0.0,179.19
310,124,2160,,2,42.85,0.0,85.7
311,125,2087,,1,123.56,0.0,123.56
312,125,2398,,2,28.46,0.0,56.92
313,125,1298,,3,78.14,0.0,234.42
314,125,393,,3,82.34,0.0,247.02
315,126,949,,2,38.97,0.0,77.94
316,126,2748,,2,45.71,0.0,91.42
317,126,1868,,3,188.98,0.0,566.94
318,127,2378,,1,63.75,0.0,63.75
319,128,77,,1,89.08,0.0,89.08
320,129,912,,2,72.56,0.0,145.12
321,129,2651,,1,27.37,0.0,27.37
322,129,1084,,1,30.55,0.0,30.55
323,129,2697,,3,34.28,0.0,102.84
324,130,847,,2,30.98,0.0,61.96
325,130,156,,3,102.19,0.0,306.57
326,131,1061,,3,30.52,0.0,91.56
327,131,1712,,2,56.41,0.0,112.82
328,131,1362,,2,56.43,0.0,112.86
329,131,1648,,3,73.44,0.0,220.32
330,132,1639,,2,67.08,0.0,134.16
331,133,733,,3,31.37,0.0,94.11
332,133,1916,,1,165.67,0.0,165.67
333,133,2188,,2,60.83,0.0,121.66
334,134,2277,,3,67.45,0.0,202.35
335,134,371,,2,75.87,0.0,151.74
336,135,1515,,3,57.78,0.0,173.34
337,135,332,,1,77.49,0.0,77.49
338,135,1559,,2,66.93,0.0,133.86
339,135,2652,1,3,27.37,5.47,65.7
340,136,685,,1,18.41,0.0,18.41
341,136,1834,,3,188.12,0.0,564.36
342,137,1958,,3,180.97,0.0,542.91
343,137,389,,1,82.34,0.0,82.34
344,137,311,,2,68.47,0.0,136.94
345,138,786,,2,25.37,0.0,50.74
346,138,1807,,1,224.17,0.0,224.17
347,138,1556,,3,66.93,0.0,200.79
348,139,2712,,2,41.49,0.0,82.98
349,140,199,,3,115.64,0.0,346.92
350,140,1579,,1,82.19,0.0,82.19
351,141,491,,1,152.1,0.0,152.1
352,142,578,,1,15.16,0.0,15.16
353,142,2165,,3,73.87,0.0,221.61
354,143,2514,,2,27.17,0.0,54.34
355,143,1228,,3,79.11,0.0,237.33
356,143,615,,3,19.38,0.0,58.14
357,144,2649,,1,27.37,0.0,27.37
358,144,1628,,2,69.5,0.0,139.0
359,144,2747,,1,45.71,0.0,45.71
360,145,2484,,1,18.62,0.0,18.62
361,146,1755,,2,40.94,0.0,81.88
362,147,2668,,1,43.38,0.0,43.38
363,147,1440,,1,88.81,0.0,88.81
364,148,2346,,2,86.55,0.0,173.1
365,149,46,,3,66.52,0.0,199.56
366,149,1559,,2,66.93,0.0,133.86
367,149,1255,,2,73.1,0.0,146.2
368,149,2667,,3,43.38,0.0,130.14
369,150,2068,,3,135.41,0.0,406.23
370,151,983,,1,38.67,0.0,38.67
371,151,2129,,1,112.68,0.0,112.68
372,152,1945,,2,180.97,0.0,361.94
373,152,42,,2,66.52,0.0,133.04
374,152,1460,,3,79.36,0.0,238.08
375,152,509,,3,28.81,0.0,86.43
376,153,1446,,3,88.81,0.0,266.43
377,153,2550,,1,32.6,0.0,32.6
378,154,1615,,1,69.5,0.0,69.5
379,154,619,,3,19.38,0.0,58.14
380,155,285,,1,88.71,0.0,88.71
381,155,26,,3,109.68,0.0,329.04
382,155,1532,,1,81.11,0.0,81.11
383,155,917,,3,72.56,0.0,217.68
384,156,1703,,3,56.41,0.0,169.23
385,157,1396,,2,78.12,0.0,156.24
386,157,2081,,3,179.19,0.0,537.57
387,157,1522,,2,57.78,0.0,115.56
388,158,1074,,2,30.52,0.0,61.04
389,159,2788,,1,75.68,0.0,75.68
390,159,1356,,1,63.46,0.0,63.46
391,159,2311,,1,69.62,0.0,69.62
392,160,2323,,2,78.48,0.0,156.96
393,160,13,,1,68.5,0.0,68.5
394,161,1498,,1,69.04,0.0,69.04
395,161,2435,,3,30.22,0.0,90.66
396,161,509,,2,28.81,0.0,57.62
397,162,1060,,1,57.95,0.0,57.95
398,163,1245,,3,62.2,0.0,186.6
399,163,512,,2,28.81,0.0,57.62
400,163,2716,,1,41.49,0.0,41.49
401,163,2122,,1,119.67,0.0,119.67
402,164,2720,,2,62.95,0.0,125.9
403,164,920,,2,72.56,0.0,145.12
404,165,26,,2,109.68,0.0,219.36
405,165,1530,,1,81.11,0.0,81.11
406,166,2333,,3,72.73,0.0,218.19
407,166,1936,,3,118.19,0.0,354.57
408,166,189,,2,76.61,0.0,153.22
409,167,2389,,1,29.83,0.0,29.83
410,167,826,,1,27.43,0.0,27.43
411,167,2311,,2,69.62,0.0,139.24
412,167,2663,,1,39.64,0.0,39.64
413,168,2050,,1,99.32,0.0,99.32
414,169,66,,3,125.29,0.0,375.87
415,169,1633,,2,67.08,0.0,134.16
416,170,1983,,3,119.21,0.0,357.63
417,170,295,,1,81.12,0.0,81.12
418,170,323,,3,68.47,0.0,205.41
419,170,922,,2,72.56,0.0,145.12
420,171,16,,2,68.5,0.0,137.0
421,171,1531,,3,81.11,0.0,243.33
422,172,395,,3,82.34,0.0,247.02
423,172,504,,1,115.34,0.0,115.34
424,172,409,,1,115.49,0.0,115.49
425,172,891,,2,31.41,0.0,62.82
426,173,344,,3,77.49,0.0,232.47
427,173,1213,,3,65.22,0.0,195.66
428,173,1524,,1,57.78,0.0,57.78
429,173,920,,2,72.56,0.0,145.12
430,174,1100,,1,48.41,0.0,48.41
431,174,917,,2,72.56,0.0,145.12
432,174,1336,,2,69.78,0.0,139.56
433,174,993,,3,37.02,0.0,111.06
434,175,799,1,3,34.45,6.89,82.68
435,175,154,,3,102.19,0.0,306.57
436,175,1887,,1,133.36,0.0,133.36
437,175,700,,3,29.12,0.0,87.36
438,176,2446,,1,22.09,0.0,22.09
439,176,2685,,3,38.24,0.0,114.72
440,176,1320,,1,43.65,0.0,43.65
441,177,632,,3,27.56,0.0,82.68
442,177,2271,,2,61.88,0.0,123.76
443,177,1587,,3,60.45,0.0,181.35
444,177,1838,,3,188.12,0.0,564.36
445,178,2052,,2,99.32,0.0,198.64
446,178,2323,,2,78.48,0.0,156.96
447,179,2664,,3,39.64,0.0,118.92
448,179,895,,2,70.42,0.0,140.84
449,179,75,5,3,89.08,8.91,240.51
450,179,2130,,3,112.68,0.0,338.04
451,180,1658,,2,73.44,0.0,146.88
452,180,2357,,1,89.23,0.0,89.23
453,180,1947,,1,180.97,0.0,180.97
454,181,756,,3,28.44,0.0,85.32
455,182,598,,1,31.66,0.0,31.66
456,182,1634,,1,67.08,0.0,67.08
457,183,772,,1,28.44,0.0,28.44
458,184,409,,2,115.49,0.0,230.98
459,184,1195,,1,60.24,0.0,60.24
460,184,698,,2,29.12,0.0,58.24
461,184,2705,,1,33.79,0.0,33.79
462,185,1854,,2,188.98,0.0,377.96
463,185,2243,,1,45.42,0.0,45.42
464,185,1193,,2,60.24,0.0,120.48
465,185,419,,1,105.95,0.0,105.95
466,186,2609,,3,47.3,0.0,141.9
467,186,302,,3,81.12,0.0,243.36
468,186,1684,,3,87.27,0.0,261.81
469,186,2379,,1,84.57,0.0,84.57
470,187,2436,,1,30.22,0.0,30.22
471,187,14,,3,68.5,0.0,205.5
472,187,1936,,1,118.19,0.0,118.19
473,188,1886,,1,133.36,0.0,133.36
474,188,889,,2,31.41,0.0,62.82
475,188,2068,,2,135.41,0.0,270.82
476,189,964,,3,37.42,0.0,112.26
477,189,2188,,3,60.83,0.0,182.49
478,190,833,,2,30.95,0.0,61.9
479,191,228,,3,92.17,0.0,276.51
480,191,1499,,3,69.04,0.0,207.12
481,191,2068,,1,135.41,0.0,135.41
482,191,1273,,3,52.5,0.0,157.5
483,192,848,,2,30.98,0.0,61.96
484,193,1273,,3,52.5,0.0,157.5
485,193,983,,3,38.67,0.0,116.01
486,193,2516,,2,27.17,0.0,54.34
487,194,1788,,2,45.76,0.0,91.52
488,194,208,,2,115.64,0.0,231.28
489,194,1823,,3,176.77,0.0,530.31
490,194,1247,,2,62.2,0.0,124.4
491,195,1605,,2,64.52,0.0,129.04
492,195,1477,,3,56.16,0.0,168.48
493,195,153,,1,102.19,0.0,102.19
494,195,487,,3,152.1,0.0,456.3
495,196,2398,,2,28.46,0.0,56.92
496,196,2086,,2,123.56,0.0,247.12
497,197,315,,2,68.47,0.0,136.94
498,198,2501,,2,27.46,0.0,54.92
499,198,341,,2,77.49,0.0,154.98
500,198,1658,,1,73.44,0.0,73.44
501,198,1498,,1,69.04,0.0,69.04
502,199,953,,3,38.97,0.0,116.91
503,200,1840,,3,188.12,0.0,564.36
504,201,2614,,1,47.3,0.0,47.3
505,201,239,,3,75.68,0.0,227.04
506,201,2105,,2,151.1,0.0,302.2
507,202,1318,,1,43.65,0.0,43.65
508,202,2242,,1,45.42,0.0,45.42
509,202,1570,,1,82.19,0.0,82.19
510,203,1613,,3,69.5,0.0,208.5
511,203,2637,,1,52.73,0.0,52.73
512,203,1919,,2,165.67,0.0,331.34
513,203,2324,,2,78.48,0.0,156.96
514,204,2580,,3,33.2,0.0,99.6
515,204,799,,2,34.45,0.0,68.9
516,205,2725,,3,46.18,0.0,138.54
517,205,1682,,3,87.27,0.0,261.81
518,205,362,,2,75.87,0.0,151.74
519,205,1025,,2,58.46,0.0,116.92
520,206,1729,,2,43.6,0.0,87.2
521,206,2745,,2,45.71,0.0,91.42
522,207,2583,,1,33.2,0.0,33.2
523,207,627,,2,27.56,0.0,55.12
524,207,1816,,1,176.77,0.0,176.77
525,207,583,,1,15.16,0.0,15.16
526,208,1729,,2,43.6,0.0,87.2
527,208,1075,,2,30.52,0.0,61.04
528,208,2049,,3,99.32,0.0,297.96
529,208,1366,,1,56.43,0.0,56.43
530,209,1099,,2,48.41,0.0,96.82
531,209,1986,,2,119.21,0.0,238.42
532,209,2409,,1,21.67,0.0,21.67
533,209,2244,,1,45.42,0.0,45.42
534,210,441,,3,93.6,0.0,280.8
535,210,1885,,3,133.36,0.0,400.08
536,211,2139,,1,112.68,0.0,112.68
537,212,100,3,1,91.98,9.2,82.78
538,212,1967,,1,165.41,0.0,165.41
539,212,2744,,2,45.71,0.0,91.42
540,213,600,,1,31.66,0.0,31.66
541,213,1457,,1,79.36,0.0,79.36
542,213,267,,3,69.77,0.0,209.31
543,214,2449,,3,22.09,0.0,66.27
544,214,2679,,1,40.55,0.0,40.55
545,215,32,5,3,109.68,10.97,296.13
546,216,373,,3,75.87,0.0,227.61
547,216,2212,,3,62.61,0.0,187.83
548,216,1291,,3,78.14,0.0,234.42
549,216,640,,3,27.56,0.0,82.68
550,217,217,,3,92.17,0.0,276.51
551,217,1829,,3,188.12,0.0,564.36
552,217,2054,,2,135.41,0.0,270.82
553,217,2744,,2,45.71,0.0,91.42
554,218,1832,,3,188.12,0.0,564.36
555,218,2191,,2,62.52,0.0,125.04
556,219,376,,1,75.87,0.0,75.87
557,219,2434,,2,19.88,0.0,39.76
558,219,2600,,2,47.3,0.0,94.6
559,220,193,,3,76.61,0.0,229.83
560,220,728,,2,31.37,0.0,62.74
561,220,772,,1,28.44,0.0,28.44
562,221,1549,,3,66.93,0.0,200.79
563,221,2521,,2,19.4,0.0,38.8
564,222,1962,,1,180.97,0.0,180.97
565,222,1264,,1,73.1,0.0,73.1
566,222,1138,,3,63.32,0.0,189.96
567,223,863,,2,24.09,0.0,48.18
568,223,1721,,3,46.46,0.0,139.38
569,223,808,,2,34.45,0.0,68.9
570,223,2680,,2,40.55,0.0,81.1
571,224,51,,2,126.29,0.0,252.58
572,224,327,,1,77.49,0.0,77.49
573,224,1707,,1,56.41,0.0,56.41
574,224,1127,,1,47.63,0.0,47.63
575,225,105,,2,120.48,0.0,240.96
576,225,2813,,3,68.5,0.0,205.5
577,225,1350,,1,63.46,0.0,63.46
578,225,1228,,2,79.11,0.0,158.22
579,226,2150,,3,42.85,0.0,128.55
580,227,2416,,1,31.19,0.0,31.19
581,227,886,,3,31.41,0.0,94.23
582,228,1543,,1,81.11,0.0,81.11
583,228,319,,1,68.47,0.0,68.47
584,229,303,,1,81.12,0.0,81.12
585,229,982,,2,38.67,0.0,77.34
586,229,2326,,1,88.65,0.0,88.65
587,230,2759,,1,52.76,0.0,52.76
588,230,42,,3,66.52,0.0,199.56
589,230,2085,,2,123.56,0.0,247.12
590,231,1246,,2,62.2,0.0,124.4
591,232,1479,,1,56.16,0.0,56.16
592,232,1299,,2,78.14,0.0,156.28
593,232,2579,,2,33.2,0.0,66.4
594,233,27,,2,109.68,0.0,219.36
595,233,1571,,1,82.19,0.0,82.19
596,233,2474,,1,18.8,0.0,18.8
597,233,2282,,1,67.45,0.0,67.45
598,234,484,,1,131.03,0.0,131.03
599,234,1146,,2,78.89,0.0,157.78
600,235,2767,,2,30.43,0.0,60.86
601,235,699,,1,29.12,0.0,29.12
602,236,2523,,3,19.4,0.0,58.2
603,236,2312,,2,69.62,0.0,139.24
604,236,2031,,1,144.45,0.0,144.45
605,237,1599,,2,60.45,0.0,120.9
606,237,2395,,3,29.83,0.0,89.49
607,237,1552,,2,66.93,0.0,133.86
608,238,2388,,1,29.83,0.0,29.83
609,238,1449,,3,88.81,0.0,266.43
610,239,1586,,2,60.45,0.0,120.9
611,240,1353,,1,63.46,0.0,63.46
612,240,482,,2,131.03,0.0,262.06
613,240,313,,3,68.47,0.0,205.41
614,240,1193,,2,60.24,0.0,120.48
615,241,1216,,1,65.22,0.0,65.22
616,241,1367,,1,56.43,0.0,56.43
617,241,1853,,3,188.98,0.0,566.94
618,241,253,,2,119.25,0.0,238.5
619,242,1605,,3,64.52,0.0,193.56
620,243,2129,,1,112.68,0.0,112.68
621,244,632,,1,27.56,0.0,27.56
622,245,893,,2,70.42,0.0,140.84
623,245,1585,,1,60.45,0.0,60.45
624,246,76,,3,89.08,0.0,267.24
625,246,632,,2,27.56,0.0,55.12
626,246,511,,2,28.81,0.0,57.62
627,247,65,,1,125.29,0.0,125.29
628,247,2746,,3,45.71,0.0,137.13
629,247,2124,,2,119.67,0.0,239.34
630,248,2716,,1,41.49,0.0,41.49
631,249,447,,2,93.6,0.0,187.2
632,249,2362,,2,64.82,0.0,129.64
633,250,2221,,1,52.69,0.0,52.69
634,250,2571,,2,35.71,0.0,71.42
635,250,2087,,3,123.56,0.0,370.68
636,251,2082,,1,179.19,0.0,179.19
637,251,683,,3,18.41,0.0,55.23
638,251,1274,,3,52.5,0.0,157.5
639,252,918,,1,72.56,0.0,72.56
640,252,664,,2,16.53,0.0,33.06
641,253,335,,1,77.49,0.0,77.49
642,253,1528,,3,81.11,0.0,243.33
643,253,1483,,1,56.16,0.0,56.16
644,254,120,,1,120.48,0.0,120.48
645,254,665,,2,16.53,0.0,33.06
646,254,2119,,1,119.67,0.0,119.67
647,255,2118,,2,119.67,0.0,239.34
648,255,1921,,3,213.71,0.0,641.13
649,255,948,,1,38.97,0.0,38.97
650,255,979,,1,38.67,0.0,38.67
651,256,2331,,3,88.65,0.0,265.95
652,257,2424,,2,22.05,0.0,44.1
653,258,1922,,2,213.71,0.0,427.42
654,258,455,,1,119.81,0.0,119.81
655,258,1696,,2,87.27,0.0,174.54
656,258,1750,,3,40.94,0.0,122.82
657,259,129,,1,115.73,0.0,115.73
658,259,1582,,1,60.45,0.0,60.45
659,259,1812,,1,224.17,0.0,224.17
660,259,307,,3,81.12,0.0,243.36
661,260,991,,3,37.02,0.0,111.06
662,261,839,,1,30.95,0.0,30.95
663,261,2472,,3,18.8,0.0,56.4
664,262,977,,2,38.67,0.0,77.34
665,262,1430,,3,59.6,0.0,178.8
666,262,1938,,2,118.19,0.0,236.38
667,262,1807,,1,224.17,0.0,224.17
668,263,232,,1,92.17,0.0,92.17
669,263,2601,,1,47.3,0.0,47.3
670,263,1815,,1,176.77,0.0,176.77
671,263,2504,,1,27.46,0.0,27.46
672,264,2204,,1,62.61,0.0,62.61
673,264,1982,,3,119.21,0.0,357.63
674,264,2582,,3,33.2,0.0,99.6
675,264,2119,,1,119.67,0.0,119.67
676,265,2554,,2,32.6,0.0,65.2
677,266,1099,,3,48.41,0.0,145.23
678,266,361,,1,75.87,0.0,75.87
679,267,930,,3,43.69,0.0,131.07
680,267,1541,,2,81.11,0.0,162.22
681,267,1653,,3,73.44,0.0,220.32
682,268,2253,,3,45.42,0.0,136.26
683,268,1884,,3,214.56,0.0,643.68
684,268,769,,1,28.44,0.0,28.44
685,269,859,,3,24.09,0.0,72.27
686,270,1681,,2,87.27,0.0,174.54
687,270,917,,1,72.56,0.0,72.56
688,270,2803,,2,125.29,0.0,250.58
689,270,1988,,3,119.21,0.0,357.63
690,271,931,,2,43.69,0.0,87.38
691,271,1262,,3,73.1,0.0,219.3
692,271,1706,,2,56.41,0.0,112.82
693,272,1831,,2,188.12,0.0,376.24
694,273,512,,3,28.81,0.0,86.43
695,274,2721,,1,62.95,0.0,62.95
696,275,948,,3,38.97,0.0,116.91
697,276,1140,,1,63.32,0.0,63.32
698,276,851,,1,30.98,0.0,30.98
699,276,1884,,3,214.56,0.0,643.68
700,277,1004,,2,37.74,0.0,75.48
701,277,1402,,2,63.97,0.0,127.94
702,277,271,,3,69.77,0.0,209.31
703,277,2055,,2,135.41,0.0,270.82
704,278,1242,,3,62.2,0.0,186.6
705,279,2189,,1,62.52,0.0,62.52
706,280,955,,1,38.97,0.0,38.97
707,280,1215,,2,65.22,0.0,130.44
708,280,1703,,1,56.41,0.0,56.41
709,280,301,,2,81.12,0.0,162.24
710,281,1387,,1,78.12,0.0,78.12
711,281,1632,,3,67.08,0.0,201.24
712,282,2321,,1,78.48,0.0,78.48
713,282,1510,,3,57.78,0.0,173.34
714,283,218,,1,92.17,0.0,92.17
715,283,1911,,3,165.67,0.0,497.01
716,283,1262,,2,73.1,0.0,146.2
717,284,1956,,1,180.97,0.0,180.97
718,285,1451,,2,88.81,0.0,177.62
719,285,1314,,2,43.65,0.0,87.3
720,285,2645,,3,27.37,0.0,82.11
721,286,2409,,3,21.67,0.0,65.01
722,286,1079,,2,30.55,0.0,61.1
723,287,2538,,3,34.47,0.0,103.41
724,287,1872,,3,214.56,0.0,643.68
725,287,172,,1,111.24,0.0,111.24
726,287,483,,3,131.03,0.0,393.09
727,288,169,,3,111.24,0.0,333.72
728,288,1684,,3,87.27,0.0,261.81
729,288,2131,,1,112.68,0.0,112.68
730,288,2236,,2,73.17,0.0,146.34
731,289,614,,1,19.38,0.0,19.38
732,289,1648,,3,73.44,0.0,220.32
733,289,2289,,2,45.53,0.0,91.06
734,290,2369,,2,63.75,0.0,127.5
735,290,269,,3,69.77,0.0,209.31
736,290,1629,,3,67.08,0.0,201.24
737,291,1701,,2,56.41,0.0,112.82
738,291,825,,2,27.43,0.0,54.86
739,291,2426,,3,22.05,0.0,66.15
740,291,396,,3,82.34,0.0,247.02
741,292,1597,,1,60.45,0.0,60.45
742,292,2654,,2,27.37,0.0,54.74
743,292,931,,3,43.69,0.0,131.07
744,292,1912,,2,165.67,0.0,331.34
745,293,81,,3,89.08,0.0,267.24
746,293,587,,2,15.16,0.0,30.32
747,293,939,,3,38.97,0.0,116.91
748,294,382,,3,82.34,0.0,247.02
749,294,988,,3,38.67,0.0,116.01
750,294,508,,3,115.34,0.0,346.02
751,294,505,,2,115.34,0.0,230.68
752,295,551,,1,22.63,0.0,22.63
753,295,1485,,2,69.04,0.0,138.08
754,295,465,,1,119.81,0.0,119.81
755,295,1624,,1,69.5,0.0,69.5
756,296,1428,,2,59.6,0.0,119.2
757,296,1328,,3,69.78,0.0,209.34
758,297,2412,,1,21.67,0.0,21.67
759,297,2301,,3,51.55,0.0,154.65
760,297,1185,,3,69.33,0.0,207.99
761,297,2289,,2,45.53,0.0,91.06
762,298,2246,,1,45.42,0.0,45.42
763,298,1992,,2,119.21,0.0,238.42
764,298,1970,,3,165.41,0.0,496.23
765,299,419,,3,105.95,0.0,317.85
766,299,2466,,2,28.1,0.0,56.2
767,300,1326,,3,69.78,0.0,209.34
768,300,2547,,1,32.6,0.0,32.6
769,300,1560,,2,66.93,0.0,133.86
770,301,2464,,3,16.02,0.0,48.06
771,302,359,,3,76.34,0.0,229.02
772,302,1451,,1,88.81,0.0,88.81
773,302,1315,,3,43.65,0.0,130.95
774,303,2483,,3,18.62,0.0,55.86
775,303,1754,,3,40.94,0.0,122.82
776,304,2601,,1,47.3,0.0,47.3
777,304,1483,,3,56.16,0.0,168.48
778,305,2527,,2,34.47,0.0,68.94
779,306,151,,3,102.19,0.0,306.57
780,306,2353,,1,89.23,0.0,89.23
781,307,1847,,1,148.8,0.0,148.8
782,307,2258,,1,45.42,0.0,45.42
783,307,666,,2,16.53,0.0,33.06
784,307,1620,,2,69.5,0.0,139.0
785,308,1924,,2,213.71,0.0,427.42
786,308,958,,3,37.42,0.0,112.26
787,308,1089,,3,30.55,0.0,91.65
788,309,1807,,1,224.17,0.0,224.17
789,310,149,,2,102.19,0.0,204.38
790,310,2710,,1,41.49,0.0,41.49
791,310,2699,,1,34.28,0.0,34.28
792,311,767,,3,28.44,0.0,85.32
793,312,2316,,3,78.48,0.0,235.44
794,312,164,,1,111.24,0.0,111.24
795,313,1942,,3,118.19,0.0,354.57
796,314,1782,,3,45.76,0.0,137.28
797,314,2382,,3,84.57,0.0,253.71
798,315,1130,,1,63.32,0.0,63.32
799,315,2339,,2,49.19,0.0,98.38
800,316,1585,,3,60.45,0.0,181.35
801,317,1585,,1,60.45,0.0,60.45
802,317,619,,2,19.38,0.0,38.76
803,317,2171,,3,73.87,0.0,221.61
804,318,1586,,3,60.45,0.0,181.35
805,319,2571,,1,35.71,0.0,35.71
806,320,206,,1,115.64,0.0,115.64
807,320,2610,,2,47.3,0.0,94.6
808,320,109,,2,120.48,0.0,240.96
809,321,2755,,3,56.0,0.0,168.0
810,321,2036,,3,144.45,0.0,433.35
811,322,447,,1,93.6,0.0,93.6
812,322,1233,,3,62.2,0.0,186.6
813,322,2692,,3,50.14,0.0,150.42
814,323,1646,,1,73.44,0.0,73.44
815,324,2056,,1,135.41,0.0,135.41
816,324,262,,3,119.25,0.0,357.75
817,324,808,,1,34.45,0.0,34.45
818,325,1234,,3,62.2,0.0,186.6
819,325,1580,,1,82.19,0.0,82.19
820,325,2278,,2,67.45,0.0,134.9
821,326,79,5,3,89.08,8.91,240.51
822,326,2185,,2,60.83,0.0,121.66
823,326,259,5,1,119.25,11.93,107.32
824,327,425,,3,105.95,0.0,317.85
825,327,1064,,2,30.52,0.0,61.04
826,327,1828,,3,176.77,0.0,530.31
827,327,972,,3,38.67,0.0,116.01
828,328,611,,2,19.38,0.0,38.76
829,329,2505,,1,27.46,0.0,27.46
830,329,568,,2,15.44,0.0,30.88
831,329,591,,1,15.16,0.0,15.16
832,329,1155,,1,73.5,0.0,73.5
833,330,2307,,3,69.62,0.0,208.86
834,330,215,,3,92.17,0.0,276.51
835,331,1818,,1,176.77,0.0,176.77
836,331,1313,,2,43.65,0.0,87.3
837,332,1327,1,1,69.78,13.96,55.82
838,333,1284,,3,52.5,0.0,157.5
839,334,591,,3,15.16,0.0,45.48
840,335,1992,,1,119.21,0.0,119.21
841,335,204,,3,115.64,0.0,346.92
842,335,715,,1,27.69,0.0,27.69
843,336,201,,1,115.64,0.0,115.64
844,336,400,,3,82.34,0.0,247.02
845,337,1240,,3,62.2,0.0,186.6
846,337,2559,1,2,32.6,6.52,52.16
847,337,1313,,2,43.65,0.0,87.3
848,337,1842,,1,148.8,0.0,148.8
849,338,1252,,2,73.1,0.0,146.2
850,338,753,,2,28.44,0.0,56.88
851,338,1821,,1,176.77,0.0,176.77
852,338,74,,1,89.08,0.0,89.08
853,339,1730,,2,43.6,0.0,87.2
854,339,1026,,2,58.46,0.0,116.92
855,340,1658,,1,73.44,0.0,73.44
856,340,1606,,3,64.52,0.0,193.56
857,340,1945,,3,180.97,0.0,542.91
858,341,2670,,1,43.38,0.0,43.38
859,341,1999,,2,165.53,0.0,331.06
860,341,1840,,1,188.12,0.0,188.12
861,341,1523,,2,57.78,0.0,115.56
862,342,993,,1,37.02,0.0,37.02
863,343,1068,,2,30.52,0.0,61.04
864,344,1023,,2,58.46,0.0,116.92
865,344,743,,1,31.44,0.0,31.44
866,344,2154,,3,42.85,0.0,128.55
867,344,1713,,1,56.41,0.0,56.41
868,345,359,,1,76.34,0.0,76.34
869,346,1228,,2,79.11,0.0,158.22
870,346,911,,1,72.56,0.0,72.56
871,346,1271,,2,52.5,0.0,105.0
872,347,1505,,1,57.78,0.0,57.78
873,347,1595,,3,60.45,0.0,181.35
874,348,2726,,3,46.18,0.0,138.54
875,348,2686,,2,38.24,0.0,76.48
876,349,2316,,1,78.48,0.0,78.48
877,349,496,5,1,152.1,15.21,136.89
878,350,935,,3,43.69,0.0,131.07
879,350,2351,,3,89.23,0.0,267.69
880,350,137,,2,115.73,0.0,231.46
881,350,2560,,2,32.6,0.0,65.2
882,351,742,,2,31.44,0.0,62.88
883,351,590,,3,15.16,0.0,45.48
884,351,1022,,1,58.46,0.0,58.46
885,351,1717,,2,46.46,0.0,92.92
886,352,1315,,2,43.65,0.0,87.3
887,352,1013,,3,37.74,0.0,113.22
888,352,2666,,1,39.64,0.0,39.64
889,353,2464,,1,16.02,0.0,16.02
890,353,2378,,2,63.75,0.0,127.5
891,353,1890,,3,133.36,0.0,400.08
892,354,116,,2,120.48,0.0,240.96
893,355,1764,,2,68.67,0.0,137.34
894,355,1972,,3,165.41,0.0,496.23
895,355,2665,,2,39.64,0.0,79.28
896,355,2227,,1,52.69,0.0,52.69
897,356,2359,,3,64.82,0.0,194.46
898,357,644,,1,28.41,0.0,28.41
899,358,366,,1,75.87,0.0,75.87
900,359,2797,,3,75.68,0.0,227.04
901,359,2200,,2,62.52,0.0,125.04
902,360,883,,1,31.41,0.0,31.41
903,361,386,,2,82.34,0.0,164.68
904,362,2281,,3,67.45,0.0,202.35
905,362,1415,,3,63.97,0.0,191.91
906,363,1023,,1,58.46,0.0,58.46
907,363,1390,,3,78.12,0.0,234.36
908,364,1586,,1,60.45,0.0,60.45
909,364,1114,,2,57.23,0.0,114.46
910,365,2081,,2,179.19,0.0,358.38
911,365,1245,,3,62.2,0.0,186.6
912,366,754,,1,28.44,0.0,28.44
913,366,267,5,2,69.77,6.98,125.58
914,366,256,5,2,119.25,11.93,214.64
915,367,395,,2,82.34,0.0,164.68
916,368,1611,,3,64.52,0.0,193.56
917,368,2396,,2,29.83,0.0,59.66
918,368,1795,,2,45.76,0.0,91.52
919,369,1874,,2,214.56,0.0,429.12
920,370,2428,,3,19.88,0.0,59.64
921,370,2372,,2,63.75,0.0,127.5
922,370,765,,2,28.44,0.0,56.88
923,370,714,,1,27.69,0.0,27.69
924,371,103,,1,91.98,0.0,91.98
925,371,2269,,3,61.88,0.0,185.64
926,371,877,,1,35.75,0.0,35.75
927,372,139,,2,115.73,0.0,231.46
928,372,2594,,1,33.2,0.0,33.2
929,373,2092,,3,123.56,0.0,370.68
930,373,2098,,1,151.1,0.0,151.1
931,373,760,,2,28.44,0.0,56.88
932,373,2318,,1,78.48,0.0,78.48
933,374,1122,,2,47.63,0.0,95.26
934,374,2163,,3,73.87,0.0,221.61
935,374,2559,,1,32.6,0.0,32.6
936,374,102,3,2,91.98,9.2,165.56
937,375,1618,,2,69.5,0.0,139.0
938,375,1807,,3,224.17,0.0,672.51
939,375,608,,2,31.66,0.0,63.32
940,376,1481,,2,56.16,0.0,112.32
941,376,2260,,3,45.42,0.0,136.26
942,377,1167,,2,73.5,0.0,147.0
943,377,1216,,3,65.22,0.0,195.66
944,378,1518,,3,57.78,0.0,173.34
945,378,388,,2,82.34,0.0,164.68
946,379,747,,2,31.44,0.0,62.88
947,379,1829,,1,188.12,0.0,188.12
948,379,317,,1,68.47,0.0,68.47
949,380,1504,,3,69.04,0.0,207.12
950,380,2313,,3,69.62,0.0,208.86
951,380,1482,,1,56.16,0.0,56.16
952,381,2503,,2,27.46,0.0,54.92
953,381,2401,,1,28.46,0.0,28.46
954,382,676,,1,18.41,0.0,18.41
955,382,1384,,1,78.74,0.0,78.74
956,383,2028,,1,144.45,0.0,144.45
957,383,789,,2,25.37,0.0,50.74
958,383,2315,,2,78.48,0.0,156.96
959,383,1686,,2,87.27,0.0,174.54
960,384,114,,2,120.48,0.0,240.96
961,384,635,,3,27.56,0.0,82.68
962,384,278,,2,88.71,0.0,177.42
963,385,1720,,3,46.46,0.0,139.38
964,385,2094,,1,123.56,0.0,123.56
965,385,915,,3,72.56,0.0,217.68
966,385,1735,,2,43.6,0.0,87.2
967,386,2697,,1,34.28,0.0,34.28
968,386,390,,1,82.34,0.0,82.34
969,387,1783,,2,45.76,0.0,91.52
970,387,424,,1,105.95,0.0,105.95
971,387,2155,,2,42.85,0.0,85.7
972,388,464,,2,119.81,0.0,239.62
973,388,1085,,1,30.55,0.0,30.55
974,389,1099,,2,48.41,0.0,96.82
975,390,1587,,1,60.45,0.0,60.45
976,390,1917,,3,165.67,0.0,497.01
977,390,1934,,2,118.19,0.0,236.38
978,391,993,,3,37.02,0.0,111.06
979,392,2474,,1,18.8,0.0,18.8
980,392,781,,1,25.37,0.0,25.37
981,392,1935,,3,118.19,0.0,354.57
982,393,724,,1,31.37,0.0,31.37
983,393,995,,2,37.02,0.0,74.04
984,393,1251,,2,73.1,0.0,146.2
985,393,1635,,2,67.08,0.0,134.16
986,394,882,,1,31.41,0.0,31.41
987,394,516,,2,28.81,0.0,57.62
988,395,1499,,2,69.04,0.0,138.08
989,395,1770,,1,68.67,0.0,68.67
990,396,2438,,2,30.22,0.0,60.44
991,396,117,5,1,120.48,12.05,108.43
992,397,2197,,2,62.52,0.0,125.04
993,397,1893,,2,133.36,0.0,266.72
994,397,802,,3,34.45,0.0,103.35
995,398,208,,1,115.64,0.0,115.64
996,399,331,,2,77.49,0.0,154.98
997,400,1603,,2,64.52,0.0,129.04
998,401,1538,,1,81.11,0.0,81.11
999,401,2508,,1,27.46,0.0,27.46
1000,402,2387,,2,29.83,0.0,59.66
1001,402,1436,,1,59.6,0.0,59.6
1002,403,2048,,3,99.32,0.0,297.96
1003,404,50,,3,126.29,0.0,378.87
1004,404,262,,1,119.25,0.0,119.25
1005,405,1379,,1,78.74,0.0,78.74
1006,406,2597,,2,47.3,0.0,94.6
1007,406,1170,,1,73.5,0.0,73.5
1008,406,269,,3,69.77,0.0,209.31
1009,406,1442,,2,88.81,0.0,177.62
1010,407,1621,,2,69.5,0.0,139.0
1011,407,1724,,1,46.46,0.0,46.46
1012,408,2138,,3,112.68,0.0,338.04
1013,408,1801,,2,224.17,0.0,448.34
1014,408,2295,,1,45.53,0.0,45.53
1015,408,469,,2,131.03,0.0,262.06
1016,409,1708,,3,56.41,0.0,169.23
1017,410,1235,,1,62.2,0.0,62.2
1018,410,2186,,2,60.83,0.0,121.66
1019,411,969,,2,38.67,0.0,77.34
1020,411,1349,,1,63.46,0.0,63.46
1021,411,1867,,2,188.98,0.0,377.96
1022,412,2761,1,3,52.76,10.55,126.63
1023,412,1664,1,2,89.22,17.84,142.76
1024,413,13,,1,68.5,0.0,68.5
1025,413,2455,,2,16.02,0.0,32.04
1026,414,1255,,1,73.1,0.0,73.1
1027,414,579,,1,15.16,0.0,15.16
1028,414,1160,,1,73.5,0.0,73.5
1029,415,1468,,2,56.16,0.0,112.32
1030,416,2062,,2,135.41,0.0,270.82
1031,416,2004,,2,165.53,0.0,331.06
1032,416,1086,,3,30.55,0.0,91.65
1033,417,2374,,2,63.75,0.0,127.5
1034,418,2041,,3,99.32,0.0,297.96
1035,419,2485,,2,18.62,0.0,37.24
1036,420,1845,,1,148.8,0.0,148.8
1037,420,1590,,2,60.45,0.0,120.9
1038,420,1132,,2,63.32,0.0,126.64
1039,420,2237,,3,73.17,0.0,219.51
1040,421,149,,2,102.19,0.0,204.38
1041,421,2423,,1,22.05,0.0,22.05
1042,422,2800,,2,75.68,0.0,151.36
1043,422,553,,1,22.63,0.0,22.63
1044,422,2470,,2,28.1,0.0,56.2
1045,423,407,,2,115.49,0.0,230.98
1046,423,1024,,2,58.46,0.0,116.92
1047,424,237,,2,75.68,0.0,151.36
1048,424,1594,,3,60.45,0.0,181.35
1049,424,936,,3,43.69,0.0,131.07
1050,424,1149,,2,78.89,0.0,157.78
1051,425,829,,1,27.43,0.0,27.43
1052,426,2089,,3,123.56,0.0,370.68
1053,426,90,,2,89.08,0.0,178.16
1054,426,2504,,3,27.46,0.0,82.38
1055,427,425,,3,105.95,0.0,317.85
1056,427,391,,2,82.34,0.0,164.68
1057,427,558,,2,22.63,0.0,45.26
1058,427,1538,,2,81.11,0.0,162.22
1059,428,557,,3,22.63,0.0,67.89
1060,428,1084,,1,30.55,0.0,30.55
1061,429,2192,,3,62.52,0.0,187.56
1062,429,603,,1,31.66,0.0,31.66
1063,430,2057,,1,135.41,0.0,135.41
1064,431,1727,,1,46.46,0.0,46.46
1065,432,2608,,1,47.3,0.0,47.3
1066,432,2629,,2,52.73,0.0,105.46
1067,432,1272,,3,52.5,0.0,157.5
1068,432,614,,3,19.38,0.0,58.14
1069,433,2498,,3,17.0,0.0,51.0
1070,434,1389,,1,78.12,0.0,78.12
1071,434,2141,,2,112.68,0.0,225.36
1072,435,2359,,3,64.82,0.0,194.46
1073,435,1151,1,3,78.89,15.78,189.33
1074,435,643,,2,28.41,0.0,56.82
1075,435,2505,,3,27.46,0.0,82.38
1076,436,164,,3,111.24,0.0,333.72
1077,436,2164,,1,73.87,0.0,73.87
1078,436,360,,3,76.34,0.0,229.02
1079,436,431,,1,114.45,0.0,114.45
1080,437,1735,,3,43.6,0.0,130.8
1081,437,1652,,2,73.44,0.0,146.88
1082,437,2458,,2,16.02,0.0,32.04
1083,438,1782,,3,45.76,0.0,137.28
1084,438,474,,3,131.03,0.0,393.09
1085,438,2558,,3,32.6,0.0,97.8
1086,438,1819,,3,176.77,0.0,530.31
1087,439,1720,,2,46.46,0.0,92.92
1088,439,1258,,2,73.1,0.0,146.2
1089,439,976,,1,38.67,0.0,38.67
1090,440,855,,1,30.98,0.0,30.98
1091,440,1667,,3,89.22,0.0,267.66
1092,441,737,,3,31.44,0.0,94.32
1093,441,1647,,1,73.44,0.0,73.44
1094,442,1204,,3,65.22,0.0,195.66
1095,442,2022,,2,144.45,0.0,288.9
1096,442,2576,,3,35.71,0.0,107.13
1097,443,2078,,3,179.19,0.0,537.57
1098,444,1584,,2,60.45,0.0,120.9
1099,444,2766,,1,30.43,0.0,30.43
1100,444,2329,,2,88.65,0.0,177.3
1101,444,1212,,3,65.22,0.0,195.66
1102,445,1062,,2,30.52,0.0,61.04
1103,445,762,,1,28.44,0.0,28.44
1104,446,579,,1,15.16,0.0,15.16
1105,446,2338,,1,72.73,0.0,72.73
1106,447,1628,,1,69.5,0.0,69.5
1107,447,2361,,1,64.82,0.0,64.82
1108,447,1407,,3,63.97,0.0,191.91
1109,448,1110,,1,57.23,0.0,57.23
1110,448,864,,3,24.09,0.0,72.27
1111,448,1961,,3,180.97,0.0,542.91
1112,449,636,,1,27.56,0.0,27.56
1113,449,494,,1,152.1,0.0,152.1
1114,449,1301,,2,78.14,0.0,156.28
1115,449,2141,,3,112.68,0.0,338.04
1116,450,1652,,3,73.44,0.0,220.32
1117,450,2270,,3,61.88,0.0,185.64
1118,451,2308,,1,69.62,0.0,69.62
1119,451,742,,3,31.44,0.0,94.32
1120,451,2038,,2,99.32,0.0,198.64
1121,451,2026,,1,144.45,0.0,144.45
1122,452,2596,,3,33.2,0.0,99.6
1123,453,997,1,2,37.02,7.4,59.24
1124,453,2250,,2,45.42,0.0,90.84
1125,453,1253,,2,73.1,0.0,146.2
1126,453,1296,,2,78.14,0.0,156.28
1127,454,1426,,3,59.6,0.0,178.8
1128,455,1993,,2,165.53,0.0,331.06
1129,455,2111,,2,151.1,0.0,302.2
1130,455,141,,3,102.19,0.0,306.57
1131,456,2012,,1,219.09,0.0,219.09
1132,456,1515,,1,57.78,0.0,57.78
1133,456,2629,,1,52.73,0.0,52.73
1134,457,2010,,3,219.09,0.0,657.27
1135,457,310,,1,68.47,0.0,68.47
1136,457,1351,,1,63.46,0.0,63.46
1137,457,569,,3,15.44,0.0,46.32
1138,458,909,,2,72.56,0.0,145.12
1139,458,1665,,1,89.22,0.0,89.22
1140,458,858,,1,24.09,0.0,24.09
1141,458,2403,,2,28.46,0.0,56.92
1142,459,1348,,2,63.46,0.0,126.92
1143,459,2634,,2,52.73,0.0,105.46
1144,460,456,,2,119.81,0.0,239.62
1145,461,749,,1,31.44,0.0,31.44
1146,461,2543,,1,32.6,0.0,32.6
1147,462,707,,1,27.69,0.0,27.69
1148,462,852,,1,30.98,0.0,30.98
1149,462,270,,1,69.77,0.0,69.77
1150,462,2489,,3,17.0,0.0,51.0
1151,463,810,,1,34.45,0.0,34.45
1152,463,216,,2,92.17,0.0,184.34
1153,464,2504,,3,27.46,0.0,82.38
1154,464,2214,,3,52.69,0.0,158.07
1155,464,2487,,3,18.62,0.0,55.86
1156,464,1695,,3,87.27,0.0,261.81
1157,465,182,,1,76.61,0.0,76.61
1158,465,980,,3,38.67,0.0,116.01
1159,466,1883,,2,214.56,0.0,429.12
1160,466,121,5,1,120.48,12.05,108.43
1161,466,1599,,1,60.45,0.0,60.45
1162,467,1934,,1,118.19,0.0,118.19
1163,467,1195,,1,60.24,0.0,60.24
1164,467,654,,2,28.41,0.0,56.82
1165,468,702,,1,29.12,0.0,29.12
1166,468,2210,,3,62.61,0.0,187.83
1167,468,281,,1,88.71,0.0,88.71
1168,468,1204,,2,65.22,0.0,130.44
1169,469,1486,,2,69.04,0.0,138.08
1170,470,1656,,3,73.44,0.0,220.32
1171,470,967,,1,37.42,0.0,37.42
1172,470,1566,,1,82.19,0.0,82.19
1173,471,117,,2,120.48,0.0,240.96
1174,471,2152,,3,42.85,0.0,128.55
1175,471,1938,,2,118.19,0.0,236.38
1176,472,2318,,3,78.48,0.0,235.44
1177,472,2092,,3,123.56,0.0,370.68
1178,472,2461,,3,16.02,0.0,48.06
1179,472,182,,3,76.61,0.0,229.83
1180,473,2119,,1,119.67,0.0,119.67
1181,473,1266,,1,73.1,0.0,73.1
1182,473,676,,1,18.41,0.0,18.41
1183,474,649,,1,28.41,0.0,28.41
1184,475,2633,,1,52.73,0.0,52.73
1185,475,2710,,1,41.49,0.0,41.49
1186,475,1198,,1,60.24,0.0,60.24
1187,475,992,,1,37.02,0.0,37.02
1188,476,537,,3,34.99,0.0,104.97
1189,476,386,,3,82.34,0.0,247.02
1190,476,2199,,2,62.52,0.0,125.04
1191,476,1619,,2,69.5,0.0,139.0
1192,477,2518,,3,27.17,0.0,81.51
1193,477,752,,2,31.44,0.0,62.88
1194,477,2487,,3,18.62,0.0,55.86
1195,478,2115,,1,119.67,0.0,119.67
1196,478,277,,1,88.71,0.0,88.71
1197,478,1564,,3,66.93,0.0,200.79
1198,478,1344,,1,69.78,0.0,69.78
1199,479,1946,,2,180.97,0.0,361.94
1200,479,2050,,1,99.32,0.0,99.32
1201,479,2753,,1,56.0,0.0,56.0
1202,479,1616,,1,69.5,0.0,69.5
1203,480,2301,,1,51.55,0.0,51.55
1204,480,2587,,2,33.2,0.0,66.4
1205,481,1272,,2,52.5,0.0,105.0
1206,481,2252,,1,45.42,0.0,45.42
1207,481,2361,,3,64.82,0.0,194.46
1208,481,1373,,1,78.74,0.0,78.74
1209,482,41,,1,66.52,0.0,66.52
1210,483,15,,2,68.5,0.0,137.0
1211,484,214,,1,92.17,0.0,92.17
1212,485,1507,,3,57.78,0.0,173.34
1213,485,2757,,2,52.76,0.0,105.52
1214,485,398,,1,82.34,0.0,82.34
1215,486,1054,,2,57.95,0.0,115.9
1216,486,1339,,3,69.78,0.0,209.34
1217,486,157,,1,111.24,0.0,111.24
1218,486,1895,,3,133.36,0.0,400.08
1219,487,1117,,1,47.63,0.0,47.63
1220,487,1453,,2,79.36,0.0,158.72
1221,487,1527,,1,81.11,0.0,81.11
1222,487,992,,3,37.02,0.0,111.06
1223,488,1633,,1,67.08,0.0,67.08
1224,488,1572,,3,82.19,0.0,246.57
1225,488,2807,,2,125.29,0.0,250.58
1226,489,721,,2,31.37,0.0,62.74
1227,489,1929,,1,213.71,0.0,213.71
1228,489,953,,1,38.97,0.0,38.97
1229,490,2048,,2,99.32,0.0,198.64
1230,490,1624,,3,69.5,0.0,208.5
1231,490,2395,,3,29.83,0.0,89.49
1232,490,705,1,2,27.69,5.54,44.3
1233,491,440,,1,114.45,0.0,114.45
1234,491,2317,,1,78.48,0.0,78.48
1235,491,1575,,1,82.19,0.0,82.19
1236,491,712,,3,27.69,0.0,83.07
1237,492,1672,,1,89.22,0.0,89.22
1238,492,1838,,1,188.12,0.0,188.12
1239,492,1658,,2,73.44,0.0,146.88
1240,493,2572,,2,35.71,0.0,71.42
1241,493,982,,3,38.67,0.0,116.01
1242,493,2122,,3,119.67,0.0,359.01
1243,493,169,,3,111.24,0.0,333.72
1244,494,2032,,2,144.45,0.0,288.9
1245,494,2243,,3,45.42,0.0,136.26
1246,494,2768,,1,30.43,0.0,30.43
1247,494,1145,,2,78.89,0.0,157.78
1248,495,2185,,3,60.83,0.0,182.49
1249,495,1540,,1,81.11,0.0,81.11
1250,495,45,,1,66.52,0.0,66.52
1251,496,1353,,3,63.46,0.0,190.38
1252,497,735,,3,31.37,0.0,94.11
1253,497,1373,,3,78.74,0.0,236.22
1254,497,2147,,2,42.85,0.0,85.7
1255,498,1144,,1,78.89,0.0,78.89
1256,498,2288,,1,78.63,0.0,78.63
1257,498,90,,3,89.08,0.0,267.24
1258,499,1009,,2,37.74,0.0,75.48
1259,499,756,,2,28.44,0.0,56.88
1260,499,1771,,3,68.67,0.0,206.01
1261,499,420,,3,105.95,0.0,317.85
1262,500,733,,2,31.37,0.0,62.74
1263,500,2483,,1,18.62,0.0,18.62
1264,501,1757,,1,40.94,0.0,40.94
1265,502,393,,1,82.34,0.0,82.34
1266,503,1704,,2,56.41,0.0,112.82
1267,503,111,,1,120.48,0.0,120.48
1268,503,1669,,3,89.22,0.0,267.66
1269,503,1919,,2,165.67,0.0,331.34
1270,504,2567,,2,35.71,0.0,71.42
1271,504,2399,,2,28.46,0.0,56.92
1272,505,130,,2,115.73,0.0,231.46
1273,505,2058,,3,135.41,0.0,406.23
1274,505,1891,,1,133.36,0.0,133.36
1275,506,2509,,3,27.17,0.0,81.51
1276,506,2627,,3,54.21,0.0,162.63
1277,507,1568,,2,82.19,0.0,164.38
1278,507,2256,,1,45.42,0.0,45.42
1279,508,1368,,2,56.43,0.0,112.86
1280,508,1669,,1,89.22,0.0,89.22
1281,509,1608,,1,64.52,0.0,64.52
1282,509,894,,3,70.42,0.0,211.26
1283,509,412,,3,115.49,0.0,346.47
1284,510,1570,,3,82.19,0.0,246.57
1285,510,535,,1,34.99,0.0,34.99
1286,510,892,,3,31.41,0.0,94.23
1287,511,2686,,2,38.24,0.0,76.48
1288,511,1477,,1,56.16,0.0,56.16
1289,511,443,,2,93.6,0.0,187.2
1290,512,566,,2,15.44,0.0,30.88
1291,513,424,,1,105.95,0.0,105.95
1292,513,1763,,1,68.67,0.0,68.67
1293,514,22,,3,109.68,0.0,329.04
1294,514,2494,,1,17.0,0.0,17.0
1295,514,1280,,2,52.5,0.0,105.0
1296,514,2761,,3,52.76,0.0,158.28
1297,515,1641,,3,73.44,0.0,220.32
1298,515,652,,2,28.41,0.0,56.82
1299,515,1939,,3,118.19,0.0,354.57
1300,516,2366,,2,64.82,0.0,129.64
1301,516,10,,3,68.5,0.0,205.5
1302,516,538,,1,34.99,0.0,34.99
1303,517,672,,1,16.53,0.0,16.53
1304,517,214,,1,92.17,0.0,92.17
1305,518,1088,,3,30.55,0.0,91.65
1306,519,716,1,2,27.69,5.54,44.3
1307,519,719,1,2,31.37,6.27,50.2
1308,519,635,1,2,27.56,5.51,44.1
1309,519,1990,,3,119.21,0.0,357.63
1310,520,2063,,1,135.41,0.0,135.41
1311,520,1874,,3,214.56,0.0,643.68
1312,521,2296,,2,45.53,0.0,91.06
1313,522,2290,,2,45.53,0.0,91.06
1314,522,686,,1,18.41,0.0,18.41
1315,523,1741,,1,43.6,0.0,43.6
1316,523,1543,,3,81.11,0.0,243.33
1317,523,1126,,2,47.63,0.0,95.26
1318,523,2395,,2,29.83,0.0,59.66
1319,524,2590,,1,33.2,0.0,33.2
1320,524,1962,,3,180.97,0.0,542.91
1321,525,1435,,3,59.6,0.0,178.8
1322,526,1626,,1,69.5,0.0,69.5
1323,526,1467,,3,56.16,0.0,168.48
1324,527,8,,3,68.5,0.0,205.5
1325,527,909,,3,72.56,0.0,217.68
1326,527,141,,2,102.19,0.0,204.38
1327,527,1828,,3,176.77,0.0,530.31
1328,528,1279,,3,52.5,0.0,157.5
1329,528,957,,3,37.42,0.0,112.26
1330,528,1924,,3,213.71,0.0,641.13
1331,529,231,,2,92.17,0.0,184.34
1332,529,1589,,1,60.45,0.0,60.45
1333,529,1698,,3,56.41,0.0,169.23
1334,530,2703,,1,33.79,0.0,33.79
1335,531,2328,,3,88.65,0.0,265.95
1336,532,612,,1,19.38,0.0,19.38
1337,532,1464,,2,79.36,0.0,158.72
1338,532,2359,,1,64.82,0.0,64.82
1339,532,1087,,3,30.55,0.0,91.65
1340,533,2260,,3,45.42,0.0,136.26
1341,534,1122,,1,47.63,0.0,47.63
1342,534,2154,,3,42.85,0.0,128.55
1343,534,1747,,3,40.94,0.0,122.82
1344,534,527,,1,28.81,0.0,28.81
1345,535,2623,,1,54.21,0.0,54.21
1346,535,414,,1,105.95,0.0,105.95
1347,535,2041,,1,99.32,0.0,99.32
1348,536,71,,2,125.29,0.0,250.58
1349,536,792,,1,25.37,0.0,25.37
1350,537,2199,,3,62.52,0.0,187.56
1351,537,2582,,1,33.2,0.0,33.2
1352,537,584,,1,15.16,0.0,15.16
1353,538,422,,1,105.95,0.0,105.95
1354,538,1219,,1,79.11,0.0,79.11
1355,538,528,,2,28.81,0.0,57.62
1356,539,1195,,1,60.24,0.0,60.24
1357,539,756,,1,28.44,0.0,28.44
1358,540,1923,,1,213.71,0.0,213.71
1359,540,1267,,3,73.1,0.0,219.3
1360,540,324,,2,68.47,0.0,136.94
1361,541,1230,,1,79.11,0.0,79.11
1362,541,2799,,1,75.68,0.0,75.68
1363,542,266,,1,69.77,0.0,69.77
1364,542,1887,,1,133.36,0.0,133.36
1365,542,1871,,1,214.56,0.0,214.56
1366,543,8,,3,68.5,0.0,205.5
1367,543,1538,,2,81.11,0.0,162.22
1368,544,5,,1,68.5,0.0,68.5
1369,544,1812,,3,224.17,0.0,672.51
1370,544,2667,,2,43.38,0.0,86.76
1371,545,2580,,2,33.2,0.0,66.4
1372,546,1002,,3,37.74,0.0,113.22
1373,546,1568,,2,82.19,0.0,164.38
1374,546,2053,,1,135.41,0.0,135.41
1375,547,253,,1,119.25,0.0,119.25
1376,548,2767,,1,30.43,0.0,30.43
1377,548,2801,,1,125.29,0.0,125.29
1378,548,2311,,1,69.62,0.0,69.62
1379,549,1937,,2,118.19,0.0,236.38
1380,550,490,,2,152.1,0.0,304.2
1381,550,2432,,2,19.88,0.0,39.76
1382,551,1923,,1,213.71,0.0,213.71
1383,551,293,,1,81.12,0.0,81.12
1384,552,300,,2,81.12,0.0,162.24
1385,552,319,,1,68.47,0.0,68.47
1386,553,354,,2,76.34,0.0,152.68
1387,554,2745,,3,45.71,0.0,137.13
1388,554,2550,,1,32.6,0.0,32.6
1389,554,1548,,2,66.93,0.0,133.86
1390,555,531,,1,34.99,0.0,34.99
1391,556,1498,,2,69.04,0.0,138.08
1392,556,2572,,1,35.71,0.0,35.71
1393,556,41,,3,66.52,0.0,199.56
1394,557,1672,,2,89.22,0.0,178.44
1395,557,1009,,2,37.74,0.0,75.48
1396,558,598,,1,31.66,0.0,31.66
1397,558,1297,,1,78.14,0.0,78.14
1398,559,720,,1,31.37,0.0,31.37
1399,559,2245,,1,45.42,0.0,45.42
1400,560,2263,,2,64.79,0.0,129.58
1401,560,927,,3,43.69,0.0,131.07
1402,560,1375,,2,78.74,0.0,157.48
1403,561,2112,,1,151.1,0.0,151.1
1404,561,224,,2,92.17,0.0,184.34
1405,561,2564,,1,35.71,0.0,35.71
1406,562,1366,,1,56.43,0.0,56.43
1407,562,1704,,3,56.41,0.0,169.23
1408,562,2474,,1,18.8,0.0,18.8
1409,563,1774,,2,68.67,0.0,137.34
1410,563,2403,,1,28.46,0.0,28.46
1411,564,1022,,1,58.46,0.0,58.46
1412,564,1969,,3,165.41,0.0,496.23
1413,565,1535,,1,81.11,0.0,81.11
1414,565,643,,2,28.41,0.0,56.82
1415,566,2770,,1,30.43,0.0,30.43
1416,566,1518,,1,57.78,0.0,57.78
1417,567,1680,,2,89.22,0.0,178.44
1418,567,508,,2,115.34,0.0,230.68
1419,568,2223,,1,52.69,0.0,52.69
1420,568,2029,,2,144.45,0.0,288.9
1421,568,2788,,1,75.68,0.0,75.68
1422,569,2471,,1,18.8,0.0,18.8
1423,569,2204,,3,62.61,0.0,187.83
1424,569,244,,1,75.68,0.0,75.68
1425,570,2265,,2,74.51,0.0,149.02
1426,570,2369,,1,73.31,0.0,73.31
1427,570,815,,1,31.54,0.0,31.54
1428,571,1117,,1,54.77,0.0,54.77
1429,571,1279,,1,60.37,0.0,60.37
1430,571,1576,,1,94.52,0.0,94.52
1431,572,980,,1,44.47,0.0,44.47
1432,572,2019,,2,166.12,0.0,332.24
1433,573,2320,,1,90.25,0.0,90.25
1434,573,1310,,1,50.2,0.0,50.2
1435,574,2609,,1,54.39,0.0,54.39
1436,574,96,,2,105.78,0.0,211.56
1437,574,1932,,1,245.77,0.0,245.77
1438,575,1909,,1,190.52,0.0,190.52
1439,575,1401,,1,73.57,0.0,73.57
1440,575,2220,,1,60.59,0.0,60.59
1441,576,697,,1,33.49,0.0,33.49
1442,577,734,,3,36.08,0.0,108.24
1443,577,964,,1,43.03,0.0,43.03
1444,578,1193,,2,69.28,0.0,138.56
1445,578,457,,2,137.78,0.0,275.56
1446,578,1497,,1,79.4,0.0,79.4
1447,579,2668,,3,49.89,0.0,149.67
1448,579,657,,2,32.67,0.0,65.34
1449,579,2378,,2,73.31,0.0,146.62
1450,580,1331,,2,80.25,0.0,160.5
1451,580,1623,,1,79.92,0.0,79.92
1452,580,1204,,2,75.0,0.0,150.0
1453,581,1070,,2,35.1,0.0,70.2
1454,581,1780,,1,78.97,0.0,78.97
1455,582,2671,,2,49.89,0.0,99.78
1456,582,1131,,2,72.82,0.0,145.64
1457,583,1913,,3,190.52,0.0,571.56
1458,583,2342,,1,56.57,0.0,56.57
1459,584,930,,1,50.24,0.0,50.24
1460,584,965,,1,43.03,0.0,43.03
1461,585,2543,,1,37.49,0.0,37.49
1462,585,606,,3,36.41,0.0,109.23
1463,586,1617,,3,79.92,0.0,239.76
1464,586,881,,1,36.12,0.0,36.12
1465,587,1728,,3,53.43,0.0,160.29
1466,587,548,,1,40.24,0.0,40.24
1467,588,2232,,1,84.15,0.0,84.15
1468,588,1649,,1,84.46,0.0,84.46
1469,589,949,,1,44.82,0.0,44.82
1470,589,7,,2,78.77,0.0,157.54
1471,590,1211,,1,75.0,0.0,75.0
1472,590,2342,,2,56.57,0.0,113.14
1473,590,734,,3,36.08,0.0,108.24
1474,591,1579,,1,94.52,0.0,94.52
1475,591,2711,,1,47.71,0.0,47.71
1476,591,2690,,2,43.98,0.0,87.96
1477,592,214,,1,106.0,0.0,106.0
1478,592,880,,2,41.11,0.0,82.22
1479,593,460,,1,137.78,0.0,137.78
1480,593,753,,2,32.71,0.0,65.42
1481,594,2102,,2,173.76,0.0,347.52
1482,594,2771,,1,74.62,0.0,74.62
1483,595,1330,,1,80.25,0.0,80.25
1484,596,2138,,1,129.58,0.0,129.58
1485,596,508,,2,132.64,0.0,265.28
1486,597,2357,,1,102.61,0.0,102.61
1487,597,2298,,1,52.36,0.0,52.36
1488,598,19,,2,78.77,0.0,157.54
1489,598,1470,,2,64.58,0.0,129.16
1490,599,1815,,2,203.29,0.0,406.58
1491,599,2183,,3,69.95,0.0,209.85
1492,599,1518,,1,66.45,0.0,66.45
1493,600,732,,1,36.08,0.0,36.08
1494,600,2354,,3,102.61,0.0,307.83
1495,600,182,,1,88.1,0.0,88.1
1496,601,381,,1,94.69,0.0,94.69
1497,601,2489,,2,19.55,0.0,39.1
1498,601,1308,,2,50.2,0.0,100.4
1499,602,1347,,3,72.98,0.0,218.94
1500,603,134,,1,133.09,0.0,133.09
1501,603,264,,1,137.14,0.0,137.14
1502,604,1912,,1,190.52,0.0,190.52
1503,604,1191,,1,69.28,0.0,69.28
1504,605,1642,,3,84.46,0.0,253.38
1505,606,1796,,3,52.62,0.0,157.86
1506,606,1487,,1,79.4,0.0,79.4
1507,607,1693,,2,100.36,0.0,200.72
1508,607,1045,,2,45.66,0.0,91.32
1509,608,2120,,1,137.62,0.0,137.62
1510,608,159,,2,127.93,0.0,255.86
1511,609,2578,,2,38.18,0.0,76.36
1512,609,2436,,1,34.75,0.0,34.75
1513,609,1336,,2,80.25,0.0,160.5
1514,610,1935,,1,135.92,0.0,135.92
1515,610,2715,,1,47.71,0.0,47.71
1516,610,1787,,1,52.62,0.0,52.62
1517,611,2297,,1,52.36,0.0,52.36
1518,611,94,,2,105.78,0.0,211.56
1519,611,2725,,2,53.11,0.0,106.22
1520,612,2625,,1,62.34,0.0,62.34
1521,612,603,,2,36.41,0.0,72.82
1522,613,2209,,2,72.0,0.0,144.0
1523,613,530,,2,40.24,0.0,80.48
1524,614,1821,,3,203.29,0.0,609.87
1525,614,2640,,2,60.64,0.0,121.28
1526,615,208,,3,132.99,0.0,398.97
1527,615,1634,,2,77.14,0.0,154.28
1528,615,1194,,1,69.28,0.0,69.28
1529,616,717,,3,36.08,0.0,108.24
1530,617,65,,1,144.08,0.0,144.08
1531,617,827,,1,31.54,0.0,31.54
1532,618,1311,,2,50.2,0.0,100.4
1533,618,305,,3,93.29,0.0,279.87
1534,619,2159,,2,49.28,0.0,98.56
1535,619,304,,1,93.29,0.0,93.29
1536,620,2456,,1,18.42,0.0,18.42
1537,620,2085,,2,142.09,0.0,284.18
1538,621,1921,,1,245.77,0.0,245.77
1539,621,1982,,1,137.09,0.0,137.09
1540,621,450,,1,107.64,0.0,107.64
1541,622,626,,1,31.69,0.0,31.69
1542,622,2672,,1,49.89,0.0,49.89
1543,622,294,,1,93.29,0.0,93.29
1544,623,2803,,1,144.08,0.0,144.08
1545,623,2466,,2,32.31,0.0,64.62
1546,624,175,,1,139.05,0.0,139.05
1547,624,1558,7,1,83.66,8.37,75.29
1548,624,186,12,1,95.76,23.94,71.82
1549,625,758,9,1,35.55,10.0,25.55
1550,625,1799,6,2,57.2,17.16,97.24
1551,626,501,,1,144.18,0.0,144.18
1552,626,1682,,1,109.09,0.0,109.09
1553,626,2085,9,1,154.45,10.0,144.45
1554,627,2085,9,1,154.45,10.0,144.45
1555,628,1481,,1,70.2,0.0,70.2
1556,628,2750,9,1,70.0,10.0,60.0
1557,628,2072,9,3,169.26,10.0,497.78
1558,629,1530,,1,101.39,0.0,101.39
1559,629,1660,,1,91.8,0.0,91.8
1560,630,662,,1,20.66,0.0,20.66
1561,630,1251,,2,91.38,0.0,182.76
1562,631,1484,,1,70.2,0.0,70.2
1563,631,731,,2,39.21,0.0,78.42
1564,632,409,,1,144.36,0.0,144.36
1565,632,2466,,3,35.12,0.0,105.36
1566,633,1820,9,1,220.96,10.0,210.96
1567,633,431,,2,143.06,0.0,286.12
1568,634,1763,,1,85.84,0.0,85.84
1569,634,360,9,1,95.43,10.0,85.43
1570,635,431,,1,143.06,0.0,143.06
1571,635,1674,9,1,111.53,10.0,101.53
1572,636,1128,7,1,59.54,5.95,53.59
1573,636,725,,1,39.21,0.0,39.21
1574,637,934,10,2,54.61,5.46,103.76
1575,637,830,9,2,34.29,10.0,58.58
1576,638,923,,2,90.7,0.0,181.4
1577,638,1797,,1,57.2,0.0,57.2
1578,639,1881,,2,268.2,0.0,536.4
1579,639,550,6,1,28.29,4.24,24.05
1580,640,2161,6,1,92.34,13.85,78.49
1581,640,279,9,1,110.89,10.0,100.89
1582,640,2094,,2,154.45,0.0,308.9
1583,641,26,9,1,137.1,10.0,127.1
1584,641,342,,1,96.86,0.0,96.86
1585,642,2513,,2,33.96,0.0,67.92
1586,642,389,,1,102.93,0.0,102.93
1587,642,686,,1,23.01,0.0,23.01
1588,643,426,,1,132.44,0.0,132.44
1589,643,2748,,2,57.14,0.0,114.28
1590,643,141,6,1,127.74,19.16,108.58
1591,644,840,,2,38.69,0.0,77.38
1592,644,2204,,1,78.26,0.0,78.26
1593,644,2287,6,1,98.29,14.74,83.55
1594,645,1637,9,2,83.85,10.0,157.7
1595,645,1974,,1,206.76,0.0,206.76
1596,646,2792,9,2,94.6,10.0,179.2
1597,646,1330,9,1,87.22,10.0,77.22
1598,646,465,9,1,149.76,10.0,139.76
1599,647,2300,,2,64.44,0.0,128.88
1600,647,1386,,1,97.65,0.0,97.65
1601,648,642,,1,35.51,0.0,35.51
1602,648,377,,1,94.84,0.0,94.84
1603,649,1936,7,2,147.74,29.55,265.93
1604,649,1546,9,1,83.66,10.0,73.66
1605,650,2389,6,1,37.29,5.59,31.7
1606,650,993,,2,46.28,0.0,92.56
1607,650,534,,1,43.74,0.0,43.74
1608,651,827,,1,34.29,0.0,34.29
1609,651,1771,9,2,85.84,10.0,161.68
1610,651,2473,,1,23.5,0.0,23.5
1611,652,2144,9,1,140.85,10.0,130.85
1612,652,400,,1,102.93,0.0,102.93
1613,653,584,9,1,18.95,10.0,8.95
1614,653,2471,,1,23.5,0.0,23.5
1615,653,749,,2,39.3,0.0,78.6
1616,654,821,,1,34.29,0.0,34.29
1617,654,2773,,2,81.11,0.0,162.22
1618,655,1088,10,2,38.19,3.82,72.56
1619,655,2163,6,2,92.34,27.7,156.98
1620,656,977,9,2,48.34,10.0,86.68
1621,656,1617,,1,86.88,0.0,86.88
1622,657,2395,7,1,37.29,3.73,33.56
1623,657,1222,,2,98.89,0.0,197.78
1624,658,2271,9,1,77.35,10.0,67.35
1625,658,2425,,1,27.56,0.0,27.56
1626,658,1524,9,1,72.22,10.0,62.22
1627,659,690,,2,23.01,0.0,46.02
1628,659,1391,,1,97.65,0.0,97.65
1629,660,510,9,3,36.01,10.0,98.03
1630,660,576,9,1,18.95,10.0,8.95
1631,661,2388,,2,37.29,0.0,74.58
1632,661,741,,1,39.3,0.0,39.3
1633,662,1563,,1,83.66,0.0,83.66
1634,662,2485,,3,23.28,0.0,69.84
1635,662,114,,2,150.6,0.0,301.2
1636,663,2110,9,2,188.88,10.0,367.76
1637,663,904,,1,88.03,0.0,88.03
1638,664,320,9,1,85.59,10.0,75.59
1639,664,726,7,1,39.21,3.92,35.29
1640,664,2792,,1,94.6,0.0,94.6
1641,665,1055,,2,72.44,0.0,144.88
1642,665,1397,,2,97.65,0.0,195.3
1643,666,2093,,3,154.45,0.0,463.35
1644,666,1842,9,1,186.0,10.0,176.0
1645,667,1379,,1,98.42,0.0,98.42
1646,667,725,7,1,39.21,3.92,35.29
1647,668,950,9,1,48.71,10.0,38.71
1648,668,2263,,1,80.99,0.0,80.99
1649,668,2606,9,3,59.12,10.0,167.36
1650,669,1907,9,2,273.54,10.0,537.08
1651,670,818,6,1,34.29,5.14,29.15
1652,670,2739,,1,79.28,0.0,79.28
1653,671,1940,7,1,147.74,14.77,132.97
1654,671,2070,9,1,169.26,10.0,159.26
1655,672,80,9,2,111.35,10.0,212.7
1656,672,1516,9,1,72.22,10.0,62.22
1657,672,1993,,2,206.91,0.0,413.82
1658,673,2681,,2,50.69,0.0,101.38
1659,673,2297,,2,56.91,0.0,113.82
1660,674,591,,1,18.95,0.0,18.95
1661,674,340,,1,96.86,0.0,96.86
1662,674,2642,,1,65.91,0.0,65.91
1663,675,300,9,2,101.4,10.0,192.8
1664,675,2450,,1,27.61,0.0,27.61
1665,676,2468,,1,35.12,0.0,35.12
1666,676,177,,2,95.76,0.0,191.52
1667,676,1490,,2,86.3,0.0,172.6
1668,677,1701,,1,70.51,0.0,70.51
1669,677,510,,1,36.01,0.0,36.01
1670,678,1352,9,1,79.33,10.0,69.33
1671,678,1438,,3,111.01,0.0,333.03
1672,679,242,9,1,94.6,10.0,84.6
1673,680,2788,,1,94.6,0.0,94.6
1674,680,1571,9,1,102.74,10.0,92.74
1675,680,2803,,3,156.61,0.0,469.83
1676,681,1681,9,2,109.09,10.0,208.18
1677,681,1871,9,1,268.2,10.0,258.2
1678,682,2191,,3,78.15,0.0,234.45
1679,683,920,,1,90.7,0.0,90.7
1680,683,225,9,1,115.21,10.0,105.21
1681,683,1319,,1,54.56,0.0,54.56
1682,684,1234,,1,77.75,0.0,77.75
1683,684,2187,,1,76.04,0.0,76.04
1684,684,1406,9,1,79.96,10.0,69.96
1685,685,710,,1,34.61,0.0,34.61
1686,685,61,6,2,156.61,46.98,266.24
1687,685,1208,6,1,81.53,12.23,69.3
1688,686,2200,,1,78.15,0.0,78.15
1689,686,821,,1,34.29,0.0,34.29
1690,686,1693,,1,109.09,0.0,109.09
1691,687,426,,1,132.44,0.0,132.44
1692,687,911,,1,90.7,0.0,90.7
1693,688,2793,,2,94.6,0.0,189.2
1694,689,1243,9,1,77.75,10.0,67.75
1695,689,1779,,3,85.84,0.0,257.52
1696,690,1815,,1,220.96,0.0,220.96
1697,690,2658,9,2,34.21,10.0,58.42
1698,691,2753,9,1,70.0,10.0,60.0
1699,691,2323,,2,98.1,0.0,196.2
1700,691,1334,,1,87.22,0.0,87.22
1701,692,1919,,1,207.09,0.0,207.09
1702,692,2620,,1,67.76,0.0,67.76
1703,693,2047,9,1,124.15,10.0,114.15
1704,693,1631,9,1,83.85,10.0,73.85
1705,694,401,,1,144.36,0.0,144.36
1706,694,1267,9,1,91.38,10.0,81.38
1707,694,750,9,1,39.3,10.0,29.3
1708,695,478,,1,163.79,0.0,163.79
1709,695,119,,1,150.6,0.0,150.6
1710,696,2110,9,1,188.88,10.0,178.88
1711,696,998,9,1,46.28,10.0,36.28
1712,697,2433,9,1,24.85,10.0,14.85
1713,697,562,,1,19.3,0.0,19.3
1714,698,994,9,1,46.28,10.0,36.28
1715,698,2333,,1,90.91,0.0,90.91
1716,698,1546,,1,83.66,0.0,83.66
1717,699,205,,1,115.64,0.0,115.64
1718,699,485,,1,152.1,0.0,152.1
1719,700,44,,2,66.52,0.0,133.04
1720,700,502,,2,115.34,0.0,230.68
1721,700,2612,,1,47.3,0.0,47.3
1722,701,1478,,2,56.16,0.0,112.32
1723,702,2379,,1,84.57,0.0,84.57
1724,702,68,,1,125.29,0.0,125.29
1725,703,677,,3,18.41,0.0,55.23
1726,703,680,,1,18.41,0.0,18.41
1727,703,2521,,1,19.4,0.0,19.4
1728,704,2405,,1,28.46,0.0,28.46
1729,704,640,,1,27.56,0.0,27.56
1730,704,1222,,1,79.11,0.0,79.11
1731,705,1168,,1,73.5,0.0,73.5
1732,706,919,,2,72.56,0.0,145.12
1733,706,417,,1,105.95,0.0,105.95
1734,706,420,,1,105.95,0.0,105.95
1735,707,1215,,1,65.22,0.0,65.22
1736,707,953,,1,38.97,0.0,38.97
1737,707,919,,1,72.56,0.0,72.56
1738,708,572,,3,15.44,0.0,46.32
1739,709,15,,3,68.5,0.0,205.5
1740,710,2375,,1,63.75,0.0,63.75
1741,710,699,,1,29.12,0.0,29.12
1742,711,722,,1,31.37,0.0,31.37
1743,711,235,,1,75.68,0.0,75.68
1744,711,2473,,1,18.8,0.0,18.8
1745,712,2745,,1,45.71,0.0,45.71
1746,713,2233,,3,73.17,0.0,219.51
1747,713,1548,,3,66.93,0.0,200.79
1748,714,287,,1,88.71,0.0,88.71
1749,714,1195,,2,60.24,0.0,120.48
1750,714,1823,,2,176.77,0.0,353.54
1751,714,1396,,2,78.12,0.0,156.24
1752,715,482,,2,131.03,0.0,262.06
1753,716,225,,1,92.17,0.0,92.17
1754,717,2685,,1,38.24,0.0,38.24
1755,717,2082,,1,179.19,0.0,179.19
1756,717,2725,,2,46.18,0.0,92.36
1757,718,169,,1,111.24,0.0,111.24
1758,718,1759,,1,40.94,0.0,40.94
1759,719,1573,,2,82.19,0.0,164.38
1760,720,2282,,2,67.45,0.0,134.9
1761,720,1080,,1,30.55,0.0,30.55
1762,720,993,,1,37.02,0.0,37.02
1763,721,1366,,2,56.43,0.0,112.86
1764,721,1704,,2,56.41,0.0,112.82
1765,721,2474,,1,18.8,0.0,18.8
1766,721,1946,,1,180.97,0.0,180.97
1767,722,2099,,1,151.1,0.0,151.1
1768,722,2438,,1,30.22,0.0,30.22
1769,722,539,,1,34.99,0.0,34.99
1770,723,584,,1,15.16,0.0,15.16
1771,723,1400,,2,78.12,0.0,156.24
1772,724,2727,,2,46.18,0.0,92.36
1773,724,1417,,1,63.97,0.0,63.97
1774,724,1940,,1,118.19,0.0,118.19
1775,724,2634,,2,52.73,0.0,105.46
1776,725,822,,2,27.43,0.0,54.86
1777,725,403,,2,115.49,0.0,230.98
1778,725,1339,,1,69.78,0.0,69.78
1779,725,2462,,3,16.02,0.0,48.06
1780,726,347,,2,76.34,0.0,152.68
1781,726,2183,,1,60.83,0.0,60.83
1782,726,1981,,2,119.21,0.0,238.42
1783,727,2471,,1,18.8,0.0,18.8
1784,728,2432,,1,19.88,0.0,19.88
1785,728,2739,,3,63.42,0.0,190.26
1786,729,2488,,1,18.62,0.0,18.62
1787,730,731,,1,31.37,0.0,31.37
1788,731,2019,,1,144.45,0.0,144.45
1789,732,2320,,1,78.48,0.0,78.48
1790,732,1310,,1,43.65,0.0,43.65
1791,732,2662,,1,39.64,0.0,39.64
1792,733,2700,,1,34.28,0.0,34.28
1793,733,120,,1,120.48,0.0,120.48
1794,733,402,,1,115.49,0.0,115.49
1795,733,2071,,1,135.41,0.0,135.41
1796,734,64,,2,125.29,0.0,250.58
1797,735,749,,1,31.44,0.0,31.44
1798,736,538,,3,34.99,0.0,104.97
1799,736,788,,1,25.37,0.0,25.37
1800,737,1141,,2,78.89,0.0,157.78
1801,737,477,,2,131.03,0.0,262.06
1802,737,1417,,1,63.97,0.0,63.97
1803,738,53,,2,126.29,0.0,252.58
1804,738,2019,,1,144.45,0.0,144.45
1805,739,2650,,1,27.37,0.0,27.37
1806,740,2109,,1,151.1,0.0,151.1
1807,740,1889,,2,133.36,0.0,266.72
1808,741,1160,,1,73.5,0.0,73.5
1809,741,548,,1,34.99,0.0,34.99
1810,742,1426,,1,59.6,0.0,59.6
1811,743,1738,,1,43.6,0.0,43.6
1812,743,1466,,2,56.16,0.0,112.32
1813,744,1626,,2,69.5,0.0,139.0
1814,744,615,,1,19.38,0.0,19.38
1815,745,2673,,1,40.55,0.0,40.55
1816,745,622,,1,27.56,0.0,27.56
1817,745,105,,1,120.48,0.0,120.48
1818,745,1628,,1,69.5,0.0,69.5
1819,746,909,,2,72.56,0.0,145.12
1820,747,1328,,1,69.78,0.0,69.78
1821,747,2808,,1,125.29,0.0,125.29
1822,747,2110,,2,151.1,0.0,302.2
1823,748,520,,1,28.81,0.0,28.81
1824,749,2495,,3,17.0,0.0,51.0
1825,749,445,,2,93.6,0.0,187.2
1826,749,1364,,2,56.43,0.0,112.86
1827,750,346,,2,76.34,0.0,152.68
1828,750,294,,1,81.12,0.0,81.12
1829,750,802,,2,34.45,0.0,68.9
1830,751,519,,2,28.81,0.0,57.62
1831,751,257,,2,119.25,0.0,238.5
1832,752,1020,,1,37.74,0.0,37.74
1833,752,2564,,1,35.71,0.0,35.71
1834,753,785,,1,25.37,0.0,25.37
1835,753,1554,,1,66.93,0.0,66.93
1836,754,2250,,1,45.42,0.0,45.42
1837,754,2779,,1,75.68,0.0,75.68
1838,754,6,,1,68.5,0.0,68.5
1839,754,2536,,2,34.47,0.0,68.94
1840,755,761,,3,28.44,0.0,85.32
1841,755,186,,2,76.61,0.0,153.22
1842,756,2241,,3,45.42,0.0,136.26
1843,756,509,,1,28.81,0.0,28.81
1844,756,698,,2,29.12,0.0,58.24
1845,756,2425,,1,22.05,0.0,22.05
1846,757,620,,1,19.38,0.0,19.38
1847,757,288,,2,88.71,0.0,177.42
1848,758,741,,1,31.44,0.0,31.44
1849,758,2336,,1,72.73,0.0,72.73
1850,759,2013,,1,219.09,0.0,219.09
1851,760,574,,2,15.16,0.0,30.32
1852,760,2445,,1,22.09,0.0,22.09
1853,760,1616,,1,69.5,0.0,69.5
1854,760,443,,1,93.6,0.0,93.6
1855,761,343,,2,77.49,0.0,154.98
1856,761,1613,,2,69.5,0.0,139.0
1857,762,1415,,2,63.97,0.0,127.94
1858,762,1113,,1,57.23,0.0,57.23
1859,763,1808,,1,224.17,0.0,224.17
1860,764,1175,,3,69.33,0.0,207.99
1861,764,2420,,1,31.19,0.0,31.19
1862,765,1682,,3,87.27,0.0,261.81
1863,766,1928,,3,213.71,0.0,641.13
1864,766,1535,,1,81.11,0.0,81.11
1865,767,2419,,1,31.19,0.0,31.19
1866,767,1414,,1,63.97,0.0,63.97
1867,767,1116,,1,57.23,0.0,57.23
1868,767,1729,,2,43.6,0.0,87.2
1869,768,2807,,2,125.29,0.0,250.58
1870,768,1786,,1,45.76,0.0,45.76
1871,769,1336,,1,69.78,0.0,69.78
1872,769,781,,2,25.37,0.0,50.74
1873,770,2095,,2,123.56,0.0,247.12
1874,770,1971,,1,165.41,0.0,165.41
1875,770,473,,1,131.03,0.0,131.03
1876,771,2297,,2,45.53,0.0,91.06
1877,771,94,,3,91.98,0.0,275.94
1878,772,1999,,1,165.53,0.0,165.53
1879,772,504,,3,115.34,0.0,346.02
1880,773,2620,,1,54.21,0.0,54.21
1881,773,2050,,2,99.32,0.0,198.64
1882,774,2160,,3,42.85,0.0,128.55
1883,775,534,,3,34.99,0.0,104.97
1884,776,1011,,1,37.74,0.0,37.74
1885,776,287,,1,88.71,0.0,88.71
1886,776,2694,,2,50.14,0.0,100.28
1887,777,875,,1,35.75,0.0,35.75
1888,778,2220,,1,52.69,0.0,52.69
1889,779,261,,2,119.25,0.0,238.5
1890,779,2812,,1,68.5,0.0,68.5
1891,779,1541,,3,81.11,0.0,243.33
1892,779,2434,,2,19.88,0.0,39.76
1893,780,1386,,2,78.12,0.0,156.24
1894,781,602,,1,31.66,0.0,31.66
1895,781,1093,,2,48.41,0.0,96.82
1896,782,749,,1,31.44,0.0,31.44
1897,782,2258,,2,45.42,0.0,90.84
1898,783,2189,,2,62.52,0.0,125.04
1899,783,1779,,3,68.67,0.0,206.01
1900,784,2632,,1,52.73,0.0,52.73
1901,785,123,,1,120.48,0.0,120.48
1902,785,1330,,2,69.78,0.0,139.56
1903,785,134,,3,115.73,0.0,347.19
1904,785,905,,1,72.56,0.0,72.56
1905,786,1898,,1,218.83,0.0,218.83
1906,786,2218,,1,52.69,0.0,52.69
1907,787,207,,1,115.64,0.0,115.64
1908,787,344,,1,77.49,0.0,77.49
1909,787,1335,,2,69.78,0.0,139.56
1910,788,2375,,2,63.75,0.0,127.5
1911,788,2570,,1,35.71,0.0,35.71
1912,789,511,,1,28.81,0.0,28.81
1913,790,1731,,1,43.6,0.0,43.6
1914,790,302,,2,81.12,0.0,162.24
1915,791,1445,,1,88.81,0.0,88.81
1916,791,502,,3,115.34,0.0,346.02
1917,792,2551,,1,32.6,0.0,32.6
1918,792,341,,1,77.49,0.0,77.49
1919,793,1702,,1,56.41,0.0,56.41
1920,794,314,,3,68.47,0.0,205.41
1921,794,846,,2,30.98,0.0,61.96
1922,795,1587,,1,60.45,0.0,60.45
1923,795,1548,,1,66.93,0.0,66.93
1924,795,683,,1,18.41,0.0,18.41
1925,795,2131,,1,112.68,0.0,112.68
1926,796,409,,1,115.49,0.0,115.49
1927,796,2466,,1,28.1,0.0,28.1
1928,796,1886,,2,133.36,0.0,266.72
1929,797,2178,,1,60.83,0.0,60.83
1930,797,458,,1,119.81,0.0,119.81
1931,797,1672,,1,89.22,0.0,89.22
1932,797,363,,1,75.87,0.0,75.87
1933,798,226,,1,92.17,0.0,92.17
1934,798,1635,,1,67.08,0.0,67.08
1935,799,1703,,1,56.41,0.0,56.41
1936,800,1613,,2,69.5,0.0,139.0
1937,800,575,,2,15.16,0.0,30.32
1938,801,1529,,1,81.11,0.0,81.11
1939,802,2424,,1,22.05,0.0,22.05
1940,802,2601,,1,47.3,0.0,47.3
1941,802,2518,,2,27.17,0.0,54.34
1942,803,1168,,2,73.5,0.0,147.0
1943,803,2159,,2,42.85,0.0,85.7
1944,804,2328,,1,88.65,0.0,88.65
1945,804,2449,,1,22.09,0.0,22.09
1946,804,1421,,1,59.6,0.0,59.6
1947,804,1912,,1,165.67,0.0,165.67
1948,805,1628,,1,69.5,0.0,69.5
1949,805,546,,3,34.99,0.0,104.97
1950,805,961,,1,37.42,0.0,37.42
1951,806,1888,,1,133.36,0.0,133.36
1952,806,344,,1,77.49,0.0,77.49
1953,807,2457,,1,16.02,0.0,16.02
1954,808,1180,,1,69.33,0.0,69.33
1955,808,1541,,1,81.11,0.0,81.11
1956,808,645,,2,28.41,0.0,56.82
1957,809,748,,1,31.44,0.0,31.44
1958,810,2730,,1,46.18,0.0,46.18
1959,810,97,,1,91.98,0.0,91.98
1960,811,543,,1,34.99,0.0,34.99
1961,811,1761,,1,68.67,0.0,68.67
1962,811,689,,2,18.41,0.0,36.82
1963,812,2433,,1,19.88,0.0,19.88
1964,812,194,,2,76.61,0.0,153.22
1965,812,1485,,2,69.04,0.0,138.08
1966,813,1794,,2,45.76,0.0,91.52
1967,814,932,,2,43.69,0.0,87.38
1968,814,2653,,1,27.37,0.0,27.37
1969,815,1621,,1,69.5,0.0,69.5
1970,815,550,,2,22.63,0.0,45.26
1971,816,1958,,2,180.97,0.0,361.94
1972,816,2392,,2,29.83,0.0,59.66
1973,816,1582,,1,60.45,0.0,60.45
1974,817,778,,1,25.37,0.0,25.37
1975,817,425,,2,105.95,0.0,211.9
1976,818,2786,,1,75.68,0.0,75.68
1977,818,629,,1,27.56,0.0,27.56
1978,818,2577,,1,33.2,0.0,33.2
1979,819,2169,,2,73.87,0.0,147.74
1980,819,1060,,3,57.95,0.0,173.85
1981,819,1413,,1,63.97,0.0,63.97
1982,820,267,,1,69.77,0.0,69.77
1983,820,2682,,2,40.55,0.0,81.1
1984,821,1239,,1,62.2,0.0,62.2
1985,821,2566,,1,35.71,0.0,35.71
1986,821,147,,1,102.19,0.0,102.19
1987,822,2144,,1,112.68,0.0,112.68
1988,822,400,,1,82.34,0.0,82.34
1989,823,289,,1,81.12,0.0,81.12
1990,823,636,,1,27.56,0.0,27.56
1991,824,1595,,2,60.45,0.0,120.9
1992,825,215,,1,92.17,0.0,92.17
1993,825,162,,3,111.24,0.0,333.72
1994,826,1505,,1,57.78,0.0,57.78
1995,826,1594,,2,60.45,0.0,120.9
1996,826,2519,,1,19.4,0.0,19.4
1997,827,1685,,2,87.27,0.0,174.54
1998,827,1715,,2,56.41,0.0,112.82
1999,828,2177,,1,60.83,0.0,60.83
2000,829,1545,,3,66.93,0.0,200.79
2001,829,919,,1,72.56,0.0,72.56
2002,829,724,,2,31.37,0.0,62.74
2003,829,2425,,1,22.05,0.0,22.05
2004,830,2282,,1,67.45,0.0,67.45
2005,830,1413,,2,63.97,0.0,127.94
2006,831,1492,,1,69.04,0.0,69.04
2007,832,1660,,3,73.44,0.0,220.32
2008,832,2716,,2,41.49,0.0,82.98
2009,833,681,,1,18.41,0.0,18.41
2010,833,2516,,3,27.17,0.0,81.51
2011,834,2731,,1,63.42,0.0,63.42
2012,834,1479,,1,56.16,0.0,56.16
2013,835,2258,,3,45.42,0.0,136.26
2014,835,1232,,2,79.11,0.0,158.22
2015,836,1846,,2,148.8,0.0,297.6
2016,836,712,,1,27.69,0.0,27.69
2017,837,1977,,2,165.41,0.0,330.82
2018,837,2384,,3,84.57,0.0,253.71
2019,838,1814,,3,176.77,0.0,530.31
2020,838,1482,,1,56.16,0.0,56.16
2021,839,1397,,2,78.12,0.0,156.24
2022,840,1449,,1,88.81,0.0,88.81
2023,840,1491,,1,69.04,0.0,69.04
2024,840,633,,2,27.56,0.0,55.12
2025,841,1343,,2,69.78,0.0,139.56
2026,841,2505,,1,27.46,0.0,27.46
2027,841,1108,,1,57.23,0.0,57.23
2028,841,1043,,1,39.7,0.0,39.7
2029,842,2468,,2,28.1,0.0,56.2
2030,842,527,,1,28.81,0.0,28.81
2031,843,253,,2,119.25,0.0,238.5
2032,843,396,,1,82.34,0.0,82.34
2033,844,1645,,2,73.44,0.0,146.88
2034,845,706,,1,27.69,0.0,27.69
2035,845,2721,,2,62.95,0.0,125.9
2036,845,2482,,1,18.62,0.0,18.62
2037,846,966,,2,37.42,0.0,74.84
2038,846,876,,2,35.75,0.0,71.5
2039,847,1439,,1,88.81,0.0,88.81
2040,847,47,,1,66.52,0.0,66.52
2041,848,610,,1,19.38,0.0,19.38
2042,849,689,,1,18.41,0.0,18.41
2043,850,1302,,1,78.14,0.0,78.14
2044,850,424,,2,105.95,0.0,211.9
2045,850,2757,,1,52.76,0.0,52.76
2046,851,736,,2,31.37,0.0,62.74
2047,851,1235,,1,62.2,0.0,62.2
2048,852,2536,,2,34.47,0.0,68.94
2049,853,390,,3,82.34,0.0,247.02
2050,853,370,,1,75.87,0.0,75.87
2051,854,2060,,1,135.41,0.0,135.41
2052,854,2112,,2,151.1,0.0,302.2
2053,854,2464,,2,16.02,0.0,32.04
2054,854,2079,,1,179.19,0.0,179.19
2055,855,144,,2,102.19,0.0,204.38
2056,855,1710,,1,56.41,0.0,56.41
2057,855,2545,,1,32.6,0.0,32.6
2058,856,2018,,2,144.45,0.0,288.9
2059,857,206,,2,115.64,0.0,231.28
2060,857,1195,,1,60.24,0.0,60.24
2061,858,1503,,1,69.04,0.0,69.04
2062,858,2762,,2,52.76,0.0,105.52
2063,858,1517,,3,57.78,0.0,173.34
2064,859,2070,,1,135.41,0.0,135.41
2065,859,2672,,3,43.38,0.0,130.14
2066,860,2257,,1,45.42,0.0,45.42
2067,860,1131,,2,63.32,0.0,126.64
2068,860,1055,,2,57.95,0.0,115.9
2069,861,517,,3,28.81,0.0,86.43
2070,862,447,,1,93.6,0.0,93.6
2071,863,1159,,3,73.5,0.0,220.5
2072,864,1626,,1,69.5,0.0,69.5
2073,864,2110,,2,151.1,0.0,302.2
2074,865,1233,,1,62.2,0.0,62.2
2075,865,2036,,1,144.45,0.0,144.45
2076,865,1773,,1,68.67,0.0,68.67
2077,866,2374,,1,63.75,0.0,63.75
2078,866,2636,,2,52.73,0.0,105.46
2079,866,1590,,3,60.45,0.0,181.35
2080,867,369,,1,75.87,0.0,75.87
2081,868,78,,1,89.08,0.0,89.08
2082,868,1296,,1,78.14,0.0,78.14
2083,868,2740,,2,63.42,0.0,126.84
2084,869,1286,,3,78.14,0.0,234.42
2085,869,2581,,1,33.2,0.0,33.2
2086,870,1467,,1,56.16,0.0,56.16
2087,870,1959,,1,180.97,0.0,180.97
2088,871,157,,1,111.24,0.0,111.24
2089,871,440,,1,114.45,0.0,114.45
2090,872,450,,3,93.6,0.0,280.8
2091,872,2525,,1,34.47,0.0,34.47
2092,873,2700,,3,34.28,0.0,102.84
2093,873,158,,1,111.24,0.0,111.24
2094,873,868,,3,24.09,0.0,72.27
2095,874,1879,,1,214.56,0.0,214.56
2096,874,2602,,2,47.3,0.0,94.6
2097,874,1556,,2,66.93,0.0,133.86
2098,875,1907,,1,218.83,0.0,218.83
2099,875,1527,,1,81.11,0.0,81.11
2100,876,468,,2,119.81,0.0,239.62
2101,876,1487,,2,69.04,0.0,138.08
2102,877,1552,,1,66.93,0.0,66.93
2103,878,123,,1,120.48,0.0,120.48
2104,878,472,,1,131.03,0.0,131.03
2105,879,1201,,2,65.22,0.0,130.44
2106,879,2812,,1,68.5,0.0,68.5
2107,879,862,,1,24.09,0.0,24.09
2108,880,1242,,3,62.2,0.0,186.6
2109,881,1846,,1,148.8,0.0,148.8
2110,881,1554,,1,66.93,0.0,66.93
2111,882,1908,,1,218.83,0.0,218.83
2112,882,1503,,2,69.04,0.0,138.08
2113,883,957,,1,37.42,0.0,37.42
2114,883,2623,,2,54.21,0.0,108.42
2115,883,869,,3,35.75,0.0,107.25
2116,883,2636,,1,52.73,0.0,52.73
2117,884,2338,,1,72.73,0.0,72.73
2118,884,2079,,3,179.19,0.0,537.57
2119,885,404,,2,115.49,0.0,230.98
2120,885,500,,1,115.34,0.0,115.34
2121,885,1163,,2,73.5,0.0,147.0
2122,886,2472,,1,18.8,0.0,18.8
2123,887,1642,,1,73.44,0.0,73.44
2124,887,118,,1,120.48,0.0,120.48
2125,888,1661,,1,89.22,0.0,89.22
2126,888,2260,,2,45.42,0.0,90.84
2127,889,801,,1,34.45,0.0,34.45
2128,889,1142,,1,78.89,0.0,78.89
2129,890,2186,,2,60.83,0.0,121.66
2130,890,186,,2,76.61,0.0,153.22
2131,891,457,,2,119.81,0.0,239.62
2132,892,1545,,2,66.93,0.0,133.86
2133,892,1918,,1,165.67,0.0,165.67
2134,893,1189,,1,60.24,0.0,60.24
2135,893,1549,,1,66.93,0.0,66.93
2136,894,874,,1,35.75,0.0,35.75
2137,894,851,,1,30.98,0.0,30.98
2138,895,2722,,1,62.95,0.0,62.95
2139,895,2627,,1,54.21,0.0,54.21
2140,896,1492,,1,69.04,0.0,69.04
2141,897,1972,,1,165.41,0.0,165.41
2142,897,215,,3,92.17,0.0,276.51
2143,897,2292,,1,45.53,0.0,45.53
2144,898,737,,2,31.44,0.0,62.88
2145,899,1068,,1,30.52,0.0,30.52
2146,899,337,,1,77.49,0.0,77.49
2147,899,1864,,1,188.98,0.0,188.98
2148,900,253,,2,119.25,0.0,238.5
2149,900,1356,,1,63.46,0.0,63.46
2150,900,574,,1,15.16,0.0,15.16
2151,901,1853,,1,188.98,0.0,188.98
2152,901,2179,,2,60.83,0.0,121.66
2153,902,15,,2,68.5,0.0,137.0
2154,902,412,,1,115.49,0.0,115.49
2155,903,1519,,1,57.78,0.0,57.78
2156,903,1339,,1,69.78,0.0,69.78
2157,904,584,,1,15.16,0.0,15.16
2158,904,758,,1,28.44,0.0,28.44
2159,905,401,,2,115.49,0.0,230.98
2160,905,1805,,2,224.17,0.0,448.34
2161,906,384,,1,82.34,0.0,82.34
2162,907,2554,,1,32.6,0.0,32.6
2163,907,373,,1,75.87,0.0,75.87
2164,908,33,,2,66.52,0.0,133.04
2165,909,527,,1,28.81,0.0,28.81
2166,910,2598,,1,47.3,0.0,47.3
2167,910,1801,,2,224.17,0.0,448.34
2168,910,1001,,1,37.74,0.0,37.74
2169,910,1291,,1,78.14,0.0,78.14
2170,910,2590,,1,33.2,0.0,33.2
2171,911,1274,,3,52.5,0.0,157.5
2172,911,2180,6,2,60.83,18.25,103.41
2173,911,892,6,1,31.41,4.71,26.7
2174,912,59,13,1,126.29,31.57,94.72
2175,912,411,13,1,115.49,28.87,86.62
2176,913,1758,6,1,40.94,6.14,34.8
2177,913,699,6,1,29.12,4.37,24.75
2178,914,2641,10,1,52.73,2.64,50.09
2179,914,1506,10,1,57.78,2.89,54.89
2180,915,1898,,1,218.83,0.0,218.83
2181,916,2647,10,1,27.37,1.37,26.0
2182,916,2486,10,1,18.62,0.93,17.69
2183,916,1736,10,3,43.6,6.54,124.26
2184,917,1103,6,1,48.41,7.26,41.15
2185,917,336,,1,77.49,0.0,77.49
2186,918,73,13,1,89.08,22.27,66.81
2187,918,597,,2,31.66,0.0,63.32
2188,918,2577,,2,33.2,0.0,66.4
2189,919,1084,,1,30.55,0.0,30.55
2190,919,1913,,3,165.67,0.0,497.01
2191,919,1019,,2,37.74,0.0,75.48
2192,919,1538,6,1,81.11,12.17,68.94
2193,920,1008,,1,37.74,0.0,37.74
2194,921,148,6,1,102.19,15.33,86.86
2195,921,1873,10,1,214.56,10.73,203.83
2196,921,789,6,2,25.37,7.61,43.13
2197,922,796,,2,34.45,0.0,68.9
2198,922,616,6,1,19.38,2.91,16.47
2199,923,1546,,1,66.93,0.0,66.93
2200,923,1356,,1,63.46,0.0,63.46
2201,924,60,13,1,126.29,31.57,94.72
2202,924,235,13,1,75.68,18.92,56.76
2203,924,419,13,1,105.95,26.49,79.46
2204,924,1165,,1,73.5,0.0,73.5
2205,925,1033,,1,58.46,0.0,58.46
2206,926,1973,,1,165.41,0.0,165.41
2207,927,2163,6,1,73.87,11.08,62.79
2208,927,1715,6,1,56.41,8.46,47.95
2209,927,137,10,1,115.73,5.79,109.94
2210,928,1498,,1,69.04,0.0,69.04
2211,928,110,13,1,120.48,30.12,90.36
2212,929,2603,,1,47.3,0.0,47.3
2213,929,2671,,1,43.38,0.0,43.38
2214,930,396,13,2,82.34,41.17,123.51
2215,931,80,12,1,89.08,22.27,66.81
2216,931,1425,,1,59.6,0.0,59.6
2217,931,2564,6,1,35.71,5.36,30.35
2218,932,1002,,1,37.74,0.0,37.74
2219,932,1884,,1,214.56,0.0,214.56
2220,933,1695,6,2,87.27,26.18,148.36
2221,933,2494,,2,17.0,0.0,34.0
2222,934,67,13,2,125.29,62.65,187.94
2223,934,2609,,1,47.3,0.0,47.3
2224,934,1075,,1,30.52,0.0,30.52
2225,935,1208,6,2,65.22,19.57,110.87
2226,935,1454,,1,79.36,0.0,79.36
2227,935,211,6,1,115.64,17.35,98.29
2228,936,2334,,1,72.73,0.0,72.73
2229,936,2065,,2,135.41,0.0,270.82
2230,937,162,10,1,111.24,5.56,105.68
2231,937,596,10,2,31.66,3.17,60.15
2232,938,574,,1,15.16,0.0,15.16
2233,939,2425,6,1,22.05,3.31,18.74
2234,939,512,6,1,28.81,4.32,24.49
2235,940,1308,,1,43.65,0.0,43.65
2236,940,1128,,1,47.63,0.0,47.63
2237,940,861,,1,24.09,0.0,24.09
2238,941,1741,,1,43.6,0.0,43.6
2239,941,1743,,2,43.6,0.0,87.2
2240,942,1572,,1,82.19,0.0,82.19
2241,943,1457,,1,79.36,0.0,79.36
2242,943,2787,13,1,75.68,18.92,56.76
2243,944,2791,,1,75.68,0.0,75.68
2244,944,1051,,1,57.95,0.0,57.95
2245,944,2255,,1,45.42,0.0,45.42
2246,944,1777,6,1,68.67,10.3,58.37
2247,945,2575,6,1,35.71,5.36,30.35
2248,945,1691,6,1,87.27,13.09,74.18
2249,945,49,,1,126.29,0.0,126.29
2250,946,341,13,1,77.49,19.37,58.12
2251,947,1565,,1,82.19,0.0,82.19
2252,947,467,,2,119.81,0.0,239.62
2253,948,1361,,1,56.43,0.0,56.43
2254,948,2585,,1,33.2,0.0,33.2
2255,949,143,12,1,102.19,25.55,76.64
2256,950,284,,2,88.71,0.0,177.42
2257,950,2189,,1,62.52,0.0,62.52
2258,950,327,,1,77.49,0.0,77.49
2259,951,1692,6,1,87.27,13.09,74.18
2260,951,1801,,3,224.17,0.0,672.51
2261,952,1060,,1,57.95,0.0,57.95
2262,952,110,13,1,120.48,30.12,90.36
2263,953,1526,6,1,81.11,12.17,68.94
2264,953,1765,6,2,68.67,20.6,116.74
2265,953,1894,,1,133.36,0.0,133.36
2266,954,168,,3,111.24,0.0,333.72
2267,954,1404,,1,63.97,0.0,63.97
2268,954,1511,,1,57.78,0.0,57.78
2269,955,2332,,3,88.65,0.0,265.95
2270,956,1605,6,1,64.52,9.68,54.84
2271,956,662,6,1,16.53,2.48,14.05
2272,956,2473,,1,18.8,0.0,18.8
2273,957,2253,,1,45.42,0.0,45.42
2274,958,2253,,2,45.42,0.0,90.84
2275,959,2294,,2,45.53,0.0,91.06
2276,959,438,6,1,114.45,17.17,97.28
2277,959,1005,,1,37.74,0.0,37.74
2278,959,945,6,1,38.97,5.85,33.12
2279,959,539,,1,34.99,0.0,34.99
2280,960,1347,,1,63.46,0.0,63.46
2281,960,1766,6,1,68.67,10.3,58.37
2282,960,1908,,1,218.83,0.0,218.83
2283,960,38,,1,66.52,0.0,66.52
2284,961,2720,,2,62.95,0.0,125.9
2285,961,1607,6,3,64.52,29.03,164.53
2286,962,2176,6,1,73.87,11.08,62.79
2287,962,2700,,2,34.28,0.0,68.56
2288,963,2074,10,1,179.19,8.96,170.23
2289,963,475,10,2,131.03,13.1,248.96
2290,964,697,6,2,29.12,8.74,49.5
2291,964,1523,,1,57.78,0.0,57.78
2292,964,2297,,1,45.53,0.0,45.53
2293,964,1176,,1,69.33,0.0,69.33
2294,964,1586,,2,60.45,0.0,120.9
2295,965,1871,,1,214.56,0.0,214.56
2296,966,2724,6,1,46.18,6.93,39.25
2297,967,1990,10,2,119.21,11.92,226.5
2298,968,46,12,1,66.52,16.63,49.89
2299,968,1427,,2,59.6,0.0,119.2
2300,968,1210,6,1,65.22,9.78,55.44
2301,969,2696,,1,50.14,0.0,50.14
2302,969,539,,1,34.99,0.0,34.99
2303,969,2151,6,3,42.85,19.28,109.27
2304,970,2632,,1,52.73,0.0,52.73
2305,970,309,12,1,68.47,17.12,51.35
2306,970,1647,,1,73.44,0.0,73.44
2307,970,570,6,1,15.44,2.32,13.12
2308,971,2798,,1,75.68,0.0,75.68
2309,972,1888,,1,133.36,0.0,133.36
2310,973,997,,1,37.02,0.0,37.02
2311,973,2562,6,1,35.71,5.36,30.35
2312,973,571,6,2,15.44,4.63,26.25
2313,974,1020,,1,37.74,0.0,37.74
2314,975,2501,,1,27.46,0.0,27.46
2315,975,1757,6,1,40.94,6.14,34.8
2316,976,2753,,2,56.0,0.0,112.0
2317,976,848,,1,30.98,0.0,30.98
2318,976,1523,,1,57.78,0.0,57.78
2319,977,2445,,1,22.09,0.0,22.09
2320,977,2326,,1,88.65,0.0,88.65
2321,977,488,13,1,152.1,38.02,114.07
2322,978,633,10,1,27.56,1.38,26.18
2323,978,495,10,1,152.1,7.61,144.5
2324,979,2189,,1,62.52,0.0,62.52
2325,980,2102,,1,151.1,0.0,151.1
2326,980,1127,,1,47.63,0.0,47.63
2327,980,1630,,1,67.08,0.0,67.08
2328,980,850,,1,30.98,0.0,30.98
2329,980,532,,1,34.99,0.0,34.99
2330,980,1140,,1,63.32,0.0,63.32
2331,981,1021,10,1,58.46,2.92,55.54
2332,981,1564,10,1,66.93,3.35,63.58
2333,982,2461,,1,16.02,0.0,16.02
2334,982,1590,,2,60.45,0.0,120.9
2335,983,2747,,2,45.71,0.0,91.42
2336,983,1943,,1,118.19,0.0,118.19
2337,983,1944,,1,118.19,0.0,118.19
2338,984,150,6,1,102.19,15.33,86.86
2339,984,498,6,1,115.34,17.3,98.04
2340,985,540,,1,34.99,0.0,34.99
2341,985,1035,,1,58.46,0.0,58.46
2342,986,1618,,1,69.5,0.0,69.5
2343,987,870,6,1,35.75,5.36,30.39
2344,987,584,,1,15.16,0.0,15.16
2345,988,138,10,2,115.73,11.57,219.89
2346,988,2427,10,1,19.88,0.99,18.89
2347,988,2226,10,1,52.69,2.63,50.06
2348,989,2623,,1,54.21,0.0,54.21
2349,989,2503,,1,27.46,0.0,27.46
2350,990,457,13,3,119.81,89.86,269.57
2351,990,1100,6,1,48.41,7.26,41.15
2352,990,1786,6,2,45.76,13.73,77.79
2353,991,906,6,1,72.56,10.88,61.68
2354,991,2218,,1,52.69,0.0,52.69
2355,992,2125,,3,112.68,0.0,338.04
2356,992,787,6,1,25.37,3.81,21.56
2357,992,1699,6,2,56.41,16.92,95.9
2358,992,2470,,1,28.1,0.0,28.1
2359,992,1453,,3,79.36,0.0,238.08
2360,993,2201,6,1,62.61,9.39,53.22
2361,993,1814,,3,176.77,0.0,530.31
2362,994,2040,,2,99.32,0.0,198.64
2363,994,1864,,2,188.98,0.0,377.96
2364,995,539,,3,34.99,0.0,104.97
2365,995,1555,,3,66.93,0.0,200.79
2366,995,2091,,1,123.56,0.0,123.56
2367,995,1208,6,1,65.22,9.78,55.44
2368,995,1858,,1,188.98,0.0,188.98
2369,995,1400,,1,78.12,0.0,78.12
2370,996,606,,2,31.66,0.0,63.32
2371,996,499,6,1,115.34,17.3,98.04
2372,997,629,,2,27.56,0.0,55.12
2373,997,2132,,2,112.68,0.0,225.36
2374,997,2726,6,2,46.18,13.85,78.51
