id,customer_id,store_id,employee_id,order_channel,status,subtotal,discount_amount,total_amount,order_date
1,1,2,9,in_store,completed,61.96,0.0,61.96,2026-03-01 15:08:56
2,1,2,9,in_store,completed,556.71,0.0,556.71,2025-11-01 09:49:56
3,1,1,8,online,completed,90.66,0.0,90.66,2025-09-12 18:52:21
4,1,2,3,online,completed,143.62,0.0,143.62,2025-05-29 12:25:46
5,1,2,9,in_store,completed,1095.4,0.0,1095.4,2025-03-05 13:34:36
6,1,4,5,in_store,completed,91.98,9.2,82.78,2025-12-11 11:44:28
7,1,2,9,online,completed,372.86,0.0,372.86,2026-02-23 12:50:08
8,1,2,9,app,completed,386.2,0.0,386.2,2026-03-01 17:33:22
9,1,2,3,online,completed,250.58,0.0,250.58,2025-02-20 20:04:39
10,1,2,9,in_store,completed,322.96,9.2,313.76,2025-10-11 19:59:59
11,1,2,3,online,completed,322.65,9.2,313.45,2025-01-15 12:57:00
12,1,2,9,online,completed,358.42,0.0,358.42,2025-05-06 19:21:43
13,1,1,2,app,completed,48.18,0.0,48.18,2025-08-24 13:51:50
14,1,2,9,in_store,cancelled,521.02,0.0,521.02,2025-02-09 15:25:57
15,1,2,9,in_store,completed,317.36,0.0,317.36,2025-11-17 18:41:25
16,1,2,9,app,completed,537.19,0.0,537.19,2025-01-17 13:49:07
17,1,2,3,in_store,completed,76.28,0.0,76.28,2025-11-07 09:36:16
18,1,2,3,app,completed,347.62,0.0,347.62,2025-02-12 18:02:51
19,2,2,9,in_store,completed,144.49,0.0,144.49,2026-02-19 20:41:52
20,2,1,8,online,completed,281.02,0.0,281.02,2025-10-26 18:34:38
21,2,2,9,online,completed,442.38,0.0,442.38,2025-06-13 09:44:07
22,2,2,9,phone,completed,479.57,0.0,479.57,2025-07-29 10:18:07
23,2,2,9,in_store,completed,133.04,26.6,106.44,2025-07-10 19:56:28
24,2,2,9,in_store,completed,231.9,0.0,231.9,2025-04-20 18:06:35
25,2,2,3,in_store,completed,443.58,0.0,443.58,2025-02-22 08:53:01
26,2,2,9,in_store,completed,794.73,0.0,794.73,2025-03-05 16:04:41
27,2,2,3,online,completed,505.06,0.0,505.06,2025-07-26 13:19:32
28,2,2,9,in_store,completed,1033.95,0.0,1033.95,2025-06-27 18:29:00
29,2,2,3,online,completed,181.35,0.0,181.35,2025-01-25 20:48:05
30,2,2,9,online,completed,184.34,0.0,184.34,2025-02-15 08:48:27
31,2,2,9,in_store,completed,232.52,0.0,232.52,2025-06-05 19:06:43
32,2,4,5,online,completed,99.2,0.0,99.2,2025-11-23 20:05:49
33,2,2,3,app,completed,222.45,0.0,222.45,2025-05-16 16:13:25
34,2,2,9,in_store,completed,247.31,0.0,247.31,2025-12-10 18:38:17
35,3,2,9,online,completed,386.54,0.0,386.54,2025-06-10 18:28:58
36,3,2,9,in_store,completed,625.65,0.0,625.65,2025-07-24 10:28:27
37,3,2,3,in_store,completed,415.57,0.0,415.57,2025-08-24 15:08:18
38,3,2,9,in_store,completed,225.36,0.0,225.36,2025-09-15 14:24:26
39,3,2,9,online,completed,231.28,0.0,231.28,2025-07-15 18:19:00
40,3,2,3,online,completed,65.22,0.0,65.22,2025-09-10 12:36:18
41,3,2,3,in_store,completed,33.2,0.0,33.2,2025-01-19 13:22:30
42,3,4,5,in_store,completed,189.6,12.2,177.4,2025-07-20 13:32:55
43,3,2,3,in_store,completed,344.05,0.0,344.05,2026-01-11 15:13:44
44,3,2,9,online,completed,354.48,0.0,354.48,2025-01-07 09:32:46
45,3,2,9,in_store,completed,197.63,0.0,197.63,2025-08-31 18:45:32
46,3,2,3,online,completed,187.2,0.0,187.2,2025-09-26 19:59:06
47,3,2,9,in_store,completed,688.01,0.0,688.01,2026-01-12 17:26:23
48,3,2,9,online,completed,209.34,0.0,209.34,2026-03-19 17:50:59
49,3,2,3,app,completed,72.13,0.0,72.13,2025-03-17 18:28:02
50,3,2,3,app,completed,771.05,0.0,771.05,2025-08-09 20:03:52
51,3,4,5,app,completed,514.13,0.0,514.13,2026-03-25 09:58:41
52,3,2,3,online,completed,475.14,0.0,475.14,2025-06-25 11:41:17
53,3,2,3,app,completed,331.01,0.0,331.01,2025-09-25 09:27:46
54,3,2,9,in_store,completed,496.2,0.0,496.2,2025-10-31 13:13:50
55,4,5,6,app,completed,52.5,0.0,52.5,2025-12-07 19:45:02
56,4,3,4,in_store,completed,669.23,0.0,669.23,2025-02-11 18:12:06
57,4,3,10,online,completed,162.14,0.0,162.14,2025-08-12 17:11:39
58,4,3,10,in_store,completed,288.45,0.0,288.45,2025-02-13 17:52:59
59,4,3,10,app,completed,443.79,0.0,443.79,2025-09-15 09:32:01
60,4,3,10,in_store,completed,696.44,0.0,696.44,2026-01-22 17:56:39
61,4,3,10,in_store,completed,631.24,0.0,631.24,2025-05-31 16:43:08
62,4,3,4,phone,completed,234.46,0.0,234.46,2025-01-29 10:25:39
63,4,3,4,online,completed,321.36,0.0,321.36,2025-09-19 15:44:37
64,4,3,4,online,completed,608.81,0.0,608.81,2025-12-12 09:55:05
65,4,3,4,app,completed,102.03,0.0,102.03,2025-11-06 17:02:40
66,4,3,10,in_store,completed,442.41,0.0,442.41,2025-03-04 16:28:53
67,4,3,4,in_store,completed,212.16,0.0,212.16,2025-03-05 20:35:51
68,4,3,10,online,completed,108.42,0.0,108.42,2025-09-01 18:59:01
69,4,3,10,online,completed,585.67,0.0,585.67,2025-12-24 09:40:14
70,4,3,10,online,completed,68.67,0.0,68.67,2025-11-27 16:27:14
71,4,3,4,online,completed,357.79,0.0,357.79,2025-05-22 15:20:27
72,5,5,6,in_store,completed,542.14,0.0,542.14,2025-03-19 16:35:08
73,5,5,6,online,completed,310.23,0.0,310.23,2025-10-22 19:20:51
74,5,5,6,online,completed,533.22,0.0,533.22,2025-01-24 16:28:46
75,5,2,3,app,completed,589.04,0.0,589.04,2025-02-23 17:10:48
76,5,5,6,online,completed,867.26,0.0,867.26,2025-11-20 17:02:11
77,5,5,6,app,completed,150.95,0.0,150.95,2025-09-09 12:01:00
78,5,5,6,app,completed,144.3,0.0,144.3,2025-11-19 15:31:54
79,5,5,6,app,completed,264.3,0.0,264.3,2025-02-06 14:45:17
80,5,5,6,app,completed,633.56,0.0,633.56,2025-10-14 10:34:39
81,5,5,6,online,completed,115.9,0.0,115.9,2025-01-27 13:51:54
82,5,5,6,online,completed,341.67,0.0,341.67,2025-02-04 17:34:02
83,5,5,6,in_store,completed,594.74,0.0,594.74,2025-01-30 09:08:00
84,5,5,6,online,completed,488.67,0.0,488.67,2026-02-23 20:55:00
85,6,3,4,app,completed,485.74,0.0,485.74,2025-02-06 19:50:09
86,6,5,6,online,completed,69.77,0.0,69.77,2025-06-05 12:21:03
87,6,5,6,online,completed,1330.7,18.99,1311.71,2025-07-14 10:57:49
88,6,5,6,online,completed,293.16,0.0,293.16,2026-04-05 11:00:36
89,6,5,6,online,completed,73.5,14.7,58.8,2025-07-31 09:56:58
90,6,5,6,in_store,completed,404.65,0.0,404.65,2025-04-03 18:51:48
91,6,5,6,in_store,completed,649.19,0.0,649.19,2025-02-09 12:36:57
92,6,3,4,in_store,completed,92.92,0.0,92.92,2025-12-24 20:28:14
93,6,5,6,app,refunded,86.97,0.0,86.97,2025-02-10 15:09:17
94,6,2,9,app,completed,706.45,0.0,706.45,2025-01-19 14:16:50
95,6,1,7,app,completed,439.95,0.0,439.95,2025-05-23 11:30:14
96,6,5,6,online,completed,501.0,0.0,501.0,2025-01-27 14:47:03
97,6,4,5,in_store,completed,406.23,0.0,406.23,2026-03-20 19:47:40
98,6,5,6,in_store,completed,499.09,0.0,499.09,2025-08-26 12:12:48
99,6,5,6,online,completed,220.5,0.0,220.5,2026-02-14 13:03:58
100,6,5,6,app,completed,563.01,0.0,563.01,2025-01-20 14:58:55
101,6,5,6,in_store,completed,577.35,0.0,577.35,2025-04-02 15:10:07
102,6,5,6,online,completed,119.67,0.0,119.67,2025-02-10 13:58:46
103,6,3,4,in_store,completed,98.21,0.0,98.21,2026-03-21 18:33:50
104,6,5,6,app,completed,82.11,0.0,82.11,2025-09-17 11:50:41
105,6,3,10,online,completed,138.66,0.0,138.66,2025-05-12 10:25:49
106,6,5,6,in_store,completed,352.48,0.0,352.48,2025-02-27 14:48:50
107,6,5,6,in_store,completed,649.14,0.0,649.14,2026-03-25 13:26:26
108,6,5,6,in_store,completed,346.02,0.0,346.02,2025-07-08 12:40:02
109,7,2,9,app,completed,914.13,0.0,914.13,2026-02-04 11:04:27
110,7,1,2,app,completed,403.55,0.0,403.55,2025-02-09 17:57:12
111,7,3,10,online,completed,154.02,0.0,154.02,2025-05-05 20:05:06
112,7,2,3,in_store,completed,310.9,0.0,310.9,2026-03-27 18:36:07
113,7,2,3,in_store,completed,551.71,0.0,551.71,2025-08-03 12:51:41
114,7,2,3,app,completed,428.04,0.0,428.04,2025-02-11 17:31:30
115,7,1,7,app,completed,38.67,0.0,38.67,2025-03-06 11:05:32
116,7,4,5,in_store,completed,584.95,0.0,584.95,2026-04-08 10:49:44
117,7,2,9,online,completed,657.24,0.0,657.24,2026-01-14 20:34:32
118,7,2,3,app,completed,859.35,0.0,859.35,2026-02-24 16:41:37
119,7,2,9,in_store,completed,157.78,0.0,157.78,2025-04-01 16:26:05
120,7,2,9,online,completed,276.0,0.0,276.0,2025-09-23 21:13:51
121,7,2,9,in_store,completed,174.54,0.0,174.54,2025-08-09 11:15:26
122,7,2,3,in_store,completed,498.45,0.0,498.45,2025-09-07 10:09:09
123,7,2,3,online,completed,162.63,0.0,162.63,2025-09-18 12:21:48
124,7,2,3,in_store,completed,356.18,0.0,356.18,2026-02-26 13:56:44
125,7,2,3,app,completed,661.92,0.0,661.92,2025-12-28 10:48:03
126,8,1,2,in_store,completed,736.3,0.0,736.3,2026-02-11 21:01:11
127,8,1,7,online,completed,63.75,0.0,63.75,2025-02-07 20:55:00
128,8,1,8,online,completed,89.08,0.0,89.08,2025-04-08 11:47:16
129,8,1,7,online,completed,305.88,0.0,305.88,2025-04-23 10:18:05
130,8,2,9,app,completed,368.53,0.0,368.53,2025-01-02 13:57:42
131,8,1,7,in_store,completed,537.56,0.0,537.56,2025-10-26 15:48:31
132,8,1,2,in_store,completed,134.16,0.0,134.16,2025-09-04 16:44:58
133,8,1,7,in_store,completed,381.44,0.0,381.44,2025-08-06 16:24:44
134,8,1,7,in_store,completed,354.09,0.0,354.09,2025-05-01 14:00:36
135,8,1,7,online,completed,466.8,16.41,450.39,2025-07-20 09:17:30
136,8,1,2,in_store,completed,582.77,0.0,582.77,2025-04-24 16:42:03
137,8,1,8,online,completed,762.19,0.0,762.19,2026-02-15 16:52:04
138,8,5,6,app,completed,475.7,0.0,475.7,2025-07-22 20:18:36
139,8,1,8,in_store,completed,82.98,0.0,82.98,2026-03-09 15:51:00
140,8,1,8,in_store,completed,429.11,0.0,429.11,2025-06-04 15:17:02
141,8,1,7,online,completed,152.1,0.0,152.1,2026-02-23 17:41:13
142,8,1,2,in_store,completed,236.77,0.0,236.77,2026-01-11 13:59:53
143,8,1,7,online,completed,349.81,0.0,349.81,2025-09-20 16:13:27
144,8,1,7,in_store,completed,212.08,0.0,212.08,2025-02-17 17:13:42
145,8,1,8,online,completed,18.62,0.0,18.62,2025-07-10 18:17:24
146,8,1,7,in_store,completed,81.88,0.0,81.88,2025-04-29 11:51:10
147,8,1,2,in_store,completed,132.19,0.0,132.19,2025-02-12 16:05:22
148,8,5,6,online,completed,173.1,0.0,173.1,2026-01-06 15:14:05
149,8,1,7,in_store,completed,609.76,0.0,609.76,2026-03-04 11:58:46
150,9,2,3,in_store,completed,406.23,0.0,406.23,2025-09-21 09:56:11
151,9,2,3,in_store,completed,151.35,0.0,151.35,2025-01-07 15:57:22
152,9,2,3,app,completed,819.49,0.0,819.49,2026-02-16 14:00:58
153,9,2,3,in_store,completed,299.03,0.0,299.03,2026-04-01 18:59:35
154,9,2,9,in_store,completed,127.64,0.0,127.64,2025-11-06 20:29:27
155,9,2,3,in_store,completed,716.54,0.0,716.54,2025-06-12 16:08:32
156,9,2,3,in_store,completed,169.23,0.0,169.23,2025-11-16 17:28:47
157,9,2,3,phone,completed,809.37,0.0,809.37,2025-11-18 13:08:15
158,9,2,3,in_store,completed,61.04,0.0,61.04,2025-12-04 11:00:38
159,9,2,9,online,completed,208.76,0.0,208.76,2025-03-06 12:17:52
160,9,2,3,online,completed,225.46,0.0,225.46,2026-02-16 08:41:34
161,9,2,9,in_store,completed,217.32,0.0,217.32,2025-08-14 16:18:26
162,9,2,9,in_store,completed,57.95,0.0,57.95,2025-08-31 19:50:08
163,9,2,9,online,completed,405.38,0.0,405.38,2025-03-15 14:39:14
164,9,2,9,online,completed,271.02,0.0,271.02,2025-12-10 11:59:56
165,9,2,9,in_store,completed,300.47,0.0,300.47,2025-01-06 15:15:32
166,9,2,3,online,completed,725.98,0.0,725.98,2025-01-07 13:28:18
167,9,2,9,app,completed,236.14,0.0,236.14,2025-10-20 18:29:25
168,9,2,3,online,completed,99.32,0.0,99.32,2025-12-28 09:01:34
169,10,2,9,in_store,completed,510.03,0.0,510.03,2025-06-10 20:31:32
170,10,5,6,app,completed,789.28,0.0,789.28,2026-01-05 09:47:41
171,10,2,9,online,completed,380.33,0.0,380.33,2025-05-22 14:15:15
172,10,2,3,online,completed,540.67,0.0,540.67,2025-10-18 18:33:38
173,10,2,9,in_store,completed,631.03,0.0,631.03,2026-02-08 09:40:26
174,10,2,9,in_store,completed,444.15,0.0,444.15,2025-04-02 15:49:56
175,10,2,9,in_store,completed,630.64,20.67,609.97,2025-07-01 15:45:09
176,10,2,3,app,completed,180.46,0.0,180.46,2025-12-16 13:24:08
177,10,2,3,app,completed,952.15,0.0,952.15,2025-01-17 09:16:27
178,10,2,3,in_store,completed,355.6,0.0,355.6,2025-11-19 19:39:30
179,10,2,3,in_store,completed,865.04,26.73,838.31,2026-04-13 20:55:41
180,10,2,9,online,completed,417.08,0.0,417.08,2025-08-31 16:54:24
181,10,2,9,in_store,completed,85.32,0.0,85.32,2026-02-01 11:58:54
182,10,2,3,online,completed,98.74,0.0,98.74,2025-11-02 13:43:28
183,10,3,10,app,completed,28.44,0.0,28.44,2025-08-23 11:02:07
184,10,2,3,online,completed,383.25,0.0,383.25,2025-04-05 14:00:07
185,10,2,3,online,completed,649.81,0.0,649.81,2025-12-18 15:28:58
186,10,2,9,online,completed,731.64,0.0,731.64,2025-05-25 12:26:08
187,10,2,9,in_store,completed,353.91,0.0,353.91,2026-01-29 11:18:56
188,10,2,3,in_store,completed,467.0,0.0,467.0,2025-04-19 15:19:16
189,10,1,7,app,completed,294.75,0.0,294.75,2025-05-14 10:23:05
190,10,3,10,online,completed,61.9,0.0,61.9,2025-12-18 11:57:18
191,,2,9,in_store,completed,776.54,0.0,776.54,2025-08-21 16:11:36
192,11,2,9,online,completed,61.96,0.0,61.96,2025-08-31 17:18:25
193,11,2,3,in_store,completed,327.85,0.0,327.85,2025-12-12 14:39:47
194,11,2,9,in_store,completed,977.51,0.0,977.51,2025-01-21 09:34:36
195,11,2,3,in_store,completed,856.01,0.0,856.01,2025-05-31 20:11:24
196,11,2,3,app,completed,304.04,0.0,304.04,2025-02-13 16:43:38
197,11,2,9,app,completed,136.94,0.0,136.94,2026-02-27 13:33:58
198,11,2,3,online,completed,352.38,0.0,352.38,2026-01-06 20:05:24
199,11,2,9,app,completed,116.91,0.0,116.91,2026-01-16 13:13:09
200,11,2,3,online,completed,564.36,0.0,564.36,2025-10-04 16:08:24
201,11,4,5,online,completed,576.54,0.0,576.54,2025-05-21 13:03:50
202,11,2,3,online,completed,171.26,0.0,171.26,2025-01-10 10:01:13
203,11,2,9,online,completed,749.53,0.0,749.53,2025-02-02 14:20:56
204,11,2,9,app,completed,168.5,0.0,168.5,2025-08-25 13:45:35
205,11,2,3,in_store,completed,669.01,0.0,669.01,2026-03-13 13:49:36
206,11,2,3,in_store,completed,178.62,0.0,178.62,2025-12-12 09:33:19
207,11,5,6,in_store,completed,280.25,0.0,280.25,2026-01-16 10:19:55
208,11,2,9,online,completed,502.63,0.0,502.63,2026-03-19 19:45:02
209,11,2,9,online,completed,402.33,0.0,402.33,2025-11-21 15:23:17
210,11,2,9,in_store,completed,680.88,0.0,680.88,2026-03-01 15:10:25
211,12,3,4,online,completed,112.68,0.0,112.68,2025-01-15 15:03:28
212,12,3,4,online,completed,348.81,9.2,339.61,2025-10-19 14:44:28
213,12,2,3,app,completed,320.33,0.0,320.33,2025-08-30 16:50:08
214,12,3,4,in_store,completed,106.82,0.0,106.82,2025-11-05 19:03:13
215,12,3,10,in_store,completed,329.04,32.91,296.13,2026-04-11 09:33:05
216,12,3,10,in_store,completed,732.54,0.0,732.54,2026-03-20 19:44:34
217,12,3,10,online,completed,1203.11,0.0,1203.11,2026-02-28 10:20:21
218,12,3,4,online,completed,689.4,0.0,689.4,2025-05-15 11:47:33
219,,3,4,in_store,completed,210.23,0.0,210.23,2025-09-05 13:28:35
220,12,3,10,online,completed,321.01,0.0,321.01,2026-02-08 13:21:42
221,12,3,10,online,completed,239.59,0.0,239.59,2025-07-05 19:16:32
222,12,3,4,online,completed,444.03,0.0,444.03,2026-02-17 12:41:38
223,12,3,10,in_store,completed,337.56,0.0,337.56,2025-05-13 16:40:35
224,12,3,10,in_store,completed,434.11,0.0,434.11,2025-09-26 13:35:39
225,12,1,7,in_store,completed,668.14,0.0,668.14,2025-11-29 19:27:36
226,12,5,6,app,completed,128.55,0.0,128.55,2025-02-04 17:27:18
227,12,3,4,online,completed,125.42,0.0,125.42,2026-02-13 13:16:14
228,12,3,4,online,completed,149.58,0.0,149.58,2026-01-16 12:16:47
229,13,2,3,in_store,completed,247.11,0.0,247.11,2025-08-26 16:18:20
230,13,2,9,in_store,completed,499.44,0.0,499.44,2025-10-29 18:44:32
231,13,2,9,online,completed,124.4,0.0,124.4,2025-11-22 18:06:11
232,13,2,9,phone,completed,278.84,0.0,278.84,2025-04-01 19:13:25
233,13,2,3,app,completed,387.8,0.0,387.8,2025-11-17 15:14:31
234,13,2,3,in_store,completed,288.81,0.0,288.81,2026-03-18 17:44:37
235,13,2,9,in_store,completed,89.98,0.0,89.98,2025-09-29 12:24:31
236,13,2,3,app,completed,341.89,0.0,341.89,2025-03-29 13:00:21
237,13,3,10,online,completed,344.25,0.0,344.25,2025-07-09 15:25:57
238,13,4,5,app,completed,296.26,0.0,296.26,2025-01-29 11:54:30
239,13,2,9,in_store,completed,120.9,0.0,120.9,2025-05-12 15:38:48
240,13,2,3,app,completed,651.41,0.0,651.41,2026-01-14 20:08:44
241,13,2,9,app,completed,927.09,0.0,927.09,2025-01-24 13:13:33
242,13,2,3,in_store,completed,193.56,0.0,193.56,2025-05-26 15:28:53
243,13,2,3,in_store,completed,112.68,0.0,112.68,2025-03-19 14:48:07
244,13,2,9,in_store,completed,27.56,0.0,27.56,2025-12-05 20:52:55
245,13,2,9,in_store,completed,201.29,0.0,201.29,2026-03-13 16:21:51
246,13,2,9,online,completed,379.98,0.0,379.98,2025-12-13 15:35:30
247,13,2,3,online,completed,501.76,0.0,501.76,2025-01-25 17:06:44
248,13,2,3,online,completed,41.49,0.0,41.49,2025-06-20 17:14:31
249,13,1,8,online,completed,316.84,0.0,316.84,2025-10-21 16:39:16
250,13,2,3,in_store,completed,494.79,0.0,494.79,2025-11-30 13:05:47
251,13,2,3,in_store,completed,391.92,0.0,391.92,2025-07-19 14:45:14
252,13,2,9,in_store,completed,105.62,0.0,105.62,2025-12-07 11:26:18
253,14,5,6,in_store,completed,376.98,0.0,376.98,2026-03-09 12:18:31
254,14,5,6,in_store,completed,273.21,0.0,273.21,2025-05-19 16:25:50
255,14,5,6,in_store,completed,958.11,0.0,958.11,2026-01-14 11:18:23
256,14,5,6,in_store,refunded,265.95,0.0,265.95,2025-03-04 18:43:29
257,14,5,6,in_store,completed,44.1,0.0,44.1,2025-06-12 16:17:02
258,14,5,6,in_store,completed,844.59,0.0,844.59,2025-08-22 13:21:06
259,14,1,7,online,completed,643.71,0.0,643.71,2025-11-30 09:05:03
260,14,5,6,phone,completed,111.06,0.0,111.06,2025-03-13 18:57:04
261,14,5,6,online,refunded,87.35,0.0,87.35,2025-08-01 19:34:52
262,14,5,6,online,completed,716.69,0.0,716.69,2025-02-26 09:37:50
263,14,5,6,in_store,completed,343.7,0.0,343.7,2025-08-29 15:26:49
264,14,5,6,app,completed,639.51,0.0,639.51,2025-08-03 13:51:03
265,15,3,10,in_store,completed,65.2,0.0,65.2,2025-03-07 20:40:04
266,15,2,3,in_store,completed,221.1,0.0,221.1,2025-03-06 20:10:16
267,15,3,4,in_store,completed,513.61,0.0,513.61,2025-11-11 18:17:33
268,15,3,4,in_store,completed,808.38,0.0,808.38,2026-03-29 21:22:20
269,15,1,2,in_store,completed,72.27,0.0,72.27,2026-02-11 09:56:29
270,15,2,9,in_store,completed,855.31,0.0,855.31,2025-07-23 13:31:10
271,15,3,10,online,completed,419.5,0.0,419.5,2026-01-17 19:34:43
272,15,3,10,online,completed,376.24,0.0,376.24,2025-06-25 19:07:18
273,15,2,9,in_store,completed,86.43,0.0,86.43,2025-02-18 20:42:03
274,15,3,10,in_store,completed,62.95,0.0,62.95,2025-06-27 16:21:44
275,15,5,6,online,completed,116.91,0.0,116.91,2025-04-10 19:56:54
276,15,3,4,in_store,completed,737.98,0.0,737.98,2026-02-04 11:31:00
277,15,3,4,in_store,completed,683.55,0.0,683.55,2025-11-13 16:43:26
278,15,3,4,app,completed,186.6,0.0,186.6,2026-01-05 18:00:49
279,15,3,4,online,completed,62.52,0.0,62.52,2026-01-11 11:08:42
280,15,2,9,online,completed,388.06,0.0,388.06,2025-07-20 10:35:51
281,15,3,10,in_store,completed,279.36,0.0,279.36,2025-12-11 10:35:24
282,15,3,10,online,completed,251.82,0.0,251.82,2025-02-22 20:56:22
283,15,3,10,app,completed,735.38,0.0,735.38,2025-02-06 15:13:42
284,16,4,5,in_store,completed,180.97,0.0,180.97,2026-01-24 19:37:09
285,16,4,5,in_store,cancelled,347.03,0.0,347.03,2025-08-04 13:09:14
286,16,2,9,online,completed,126.11,0.0,126.11,2025-02-21 18:59:36
287,16,2,9,online,completed,1251.42,0.0,1251.42,2026-02-04 10:07:40
288,17,2,9,online,completed,854.55,0.0,854.55,2025-12-11 19:41:07
289,17,1,2,in_store,completed,330.76,0.0,330.76,2025-04-21 13:30:30
290,17,3,4,online,completed,538.05,0.0,538.05,2025-06-30 13:38:21
291,17,2,9,online,completed,480.85,0.0,480.85,2025-10-13 21:10:30
292,18,3,4,online,completed,577.6,0.0,577.6,2025-06-06 13:55:57
293,18,3,4,online,completed,414.47,0.0,414.47,2026-01-22 21:02:04
294,18,3,4,online,completed,939.73,0.0,939.73,2026-01-23 12:40:59
295,18,3,4,in_store,completed,350.02,0.0,350.02,2025-09-30 17:23:26
296,19,1,8,in_store,completed,328.54,0.0,328.54,2025-09-11 11:59:46
297,19,1,8,app,completed,475.37,0.0,475.37,2025-05-05 19:29:25
298,19,4,5,in_store,completed,780.07,0.0,780.07,2026-01-18 13:35:18
299,19,2,3,app,completed,374.05,0.0,374.05,2025-06-14 17:32:46
300,19,1,8,online,completed,375.8,0.0,375.8,2026-02-28 18:07:41
301,19,1,2,online,completed,48.06,0.0,48.06,2025-08-12 19:12:08
302,19,4,5,app,completed,448.78,0.0,448.78,2026-03-21 18:44:42
303,19,1,7,app,completed,178.68,0.0,178.68,2026-01-27 19:39:45
304,20,5,6,app,completed,215.78,0.0,215.78,2026-02-13 09:57:23
305,20,5,6,online,completed,68.94,0.0,68.94,2025-03-03 19:58:55
306,20,5,6,app,completed,395.8,0.0,395.8,2025-05-08 14:19:38
307,,5,6,in_store,completed,366.28,0.0,366.28,2025-07-26 12:04:20
308,20,5,6,in_store,completed,631.33,0.0,631.33,2025-05-10 10:10:00
309,21,5,6,phone,completed,224.17,0.0,224.17,2025-05-12 10:37:40
310,21,5,6,phone,cancelled,280.15,0.0,280.15,2025-01-07 13:03:12
311,21,4,5,in_store,completed,85.32,0.0,85.32,2025-04-04 14:14:45
312,21,4,5,online,completed,346.68,0.0,346.68,2025-08-14 18:01:31
313,,1,7,online,completed,354.57,0.0,354.57,2026-02-18 11:21:28
314,21,4,5,in_store,completed,390.99,0.0,390.99,2026-04-06 15:27:09
315,22,5,6,in_store,completed,161.7,0.0,161.7,2025-02-03 09:38:42
316,22,2,3,online,completed,181.35,0.0,181.35,2025-09-03 18:14:09
317,22,2,3,in_store,completed,320.82,0.0,320.82,2025-09-25 15:35:25
318,22,2,9,app,completed,181.35,0.0,181.35,2025-02-12 16:50:50
319,22,2,9,app,completed,35.71,0.0,35.71,2025-09-12 11:38:55
320,22,2,3,online,completed,451.2,0.0,451.2,2025-10-28 12:02:59
321,23,1,7,online,completed,601.35,0.0,601.35,2026-02-27 10:15:57
322,23,1,2,online,completed,430.62,0.0,430.62,2025-08-23 18:00:33
323,23,1,8,online,completed,73.44,0.0,73.44,2025-07-15 12:19:12
324,23,3,4,app,completed,527.61,0.0,527.61,2025-04-01 19:11:50
325,23,1,8,online,completed,403.69,0.0,403.69,2025-08-05 15:09:48
326,23,1,7,in_store,completed,508.15,38.66,469.49,2026-04-07 19:14:59
327,23,1,2,in_store,completed,1025.21,0.0,1025.21,2025-11-23 20:50:39
328,24,4,5,app,completed,38.76,0.0,38.76,2025-05-26 11:35:08
329,24,4,5,in_store,completed,147.0,0.0,147.0,2025-09-12 20:54:30
330,24,4,5,online,completed,485.37,0.0,485.37,2025-08-12 13:18:26
331,24,4,5,online,completed,264.07,0.0,264.07,2025-06-12 16:16:50
332,24,1,7,app,completed,69.78,13.96,55.82,2025-07-20 19:17:23
333,25,4,5,in_store,completed,157.5,0.0,157.5,2025-08-13 17:11:19
334,25,4,5,phone,completed,45.48,0.0,45.48,2025-03-15 10:03:04
335,25,4,5,online,completed,493.82,0.0,493.82,2025-01-09 09:28:50
336,25,4,5,online,completed,362.66,0.0,362.66,2025-01-30 17:22:45
337,25,4,5,in_store,completed,487.9,13.04,474.86,2025-07-17 16:09:02
338,26,2,3,online,completed,468.93,0.0,468.93,2025-05-27 16:48:26
339,26,2,9,app,completed,204.12,0.0,204.12,2025-10-05 15:23:28
340,26,2,9,app,completed,809.91,0.0,809.91,2025-08-16 12:17:28
341,26,2,9,in_store,completed,678.12,0.0,678.12,2025-04-08 10:13:55
342,26,2,9,app,completed,37.02,0.0,37.02,2025-06-03 14:42:09
343,27,4,5,online,completed,61.04,0.0,61.04,2025-09-22 18:22:18
344,27,4,5,app,completed,333.32,0.0,333.32,2026-01-17 16:06:10
345,27,4,5,online,completed,76.34,0.0,76.34,2026-01-26 09:13:14
346,27,1,7,online,completed,335.78,0.0,335.78,2025-06-19 18:31:54
347,28,4,5,in_store,completed,239.13,0.0,239.13,2026-03-01 11:53:56
348,28,2,9,in_store,completed,215.02,0.0,215.02,2025-08-01 20:22:02
349,28,4,5,in_store,completed,230.58,15.21,215.37,2026-04-08 15:07:37
350,28,4,5,online,completed,695.42,0.0,695.42,2025-03-29 10:43:13
351,28,4,5,in_store,completed,259.74,0.0,259.74,2025-04-01 18:41:11
352,29,4,5,in_store,completed,240.16,0.0,240.16,2026-04-02 16:29:17
353,29,1,7,in_store,completed,543.6,0.0,543.6,2025-11-29 19:57:11
354,29,4,5,in_store,completed,240.96,0.0,240.96,2025-06-20 15:32:29
355,29,4,5,in_store,completed,765.54,0.0,765.54,2025-07-18 14:27:59
356,,4,5,in_store,completed,194.46,0.0,194.46,2025-04-09 10:22:35
357,29,4,5,app,completed,28.41,0.0,28.41,2025-06-13 11:37:43
358,30,5,6,online,completed,75.87,0.0,75.87,2025-03-20 20:05:29
359,30,5,6,app,completed,352.08,0.0,352.08,2025-06-24 18:45:00
360,30,5,6,app,refunded,31.41,0.0,31.41,2025-01-29 19:48:05
361,30,5,6,phone,completed,164.68,0.0,164.68,2026-02-10 15:00:16
362,31,2,9,online,completed,394.26,0.0,394.26,2026-02-23 19:17:14
363,31,4,5,in_store,completed,292.82,0.0,292.82,2025-04-05 18:32:50
364,31,2,3,online,completed,174.91,0.0,174.91,2025-12-26 19:38:50
365,31,2,9,in_store,completed,544.98,0.0,544.98,2025-11-04 12:40:51
366,31,2,9,online,completed,406.48,37.82,368.66,2026-04-01 20:09:38
367,31,2,9,in_store,completed,164.68,0.0,164.68,2026-02-23 18:30:33
368,31,3,4,online,completed,344.74,0.0,344.74,2025-12-24 16:22:38
369,32,4,5,in_store,completed,429.12,0.0,429.12,2026-01-17 16:57:24
370,32,4,5,online,completed,271.71,0.0,271.71,2026-02-12 11:43:40
371,32,4,5,online,completed,313.37,0.0,313.37,2026-03-22 12:21:47
372,32,4,5,app,completed,264.66,0.0,264.66,2025-08-30 14:03:45
373,32,5,6,online,completed,657.14,0.0,657.14,2025-05-23 10:21:36
374,32,4,5,in_store,completed,533.43,18.4,515.03,2025-11-08 19:32:03
375,33,5,6,in_store,completed,874.83,0.0,874.83,2025-11-10 10:16:43
376,33,5,6,in_store,completed,248.58,0.0,248.58,2025-08-02 14:40:21
377,33,2,9,in_store,completed,342.66,0.0,342.66,2026-04-07 16:42:44
378,33,5,6,app,completed,338.02,0.0,338.02,2025-09-19 16:53:32
379,33,3,4,app,completed,319.47,0.0,319.47,2025-02-04 19:13:52
380,33,5,6,online,completed,472.14,0.0,472.14,2026-02-27 19:41:20
381,33,5,6,in_store,completed,83.38,0.0,83.38,2025-11-06 15:05:55
382,33,5,6,in_store,completed,97.15,0.0,97.15,2026-03-13 19:36:50
383,34,4,5,online,completed,526.69,0.0,526.69,2025-08-27 13:10:19
384,34,4,5,in_store,completed,501.06,0.0,501.06,2025-05-26 14:09:28
385,34,4,5,in_store,completed,567.82,0.0,567.82,2026-01-04 15:02:31
386,34,1,8,in_store,completed,116.62,0.0,116.62,2026-03-29 10:36:46
387,34,4,5,online,completed,283.17,0.0,283.17,2026-01-01 15:06:41
388,34,4,5,online,completed,270.17,0.0,270.17,2025-08-02 11:05:51
389,35,2,3,online,completed,96.82,0.0,96.82,2025-01-29 08:53:22
390,35,2,3,app,completed,793.84,0.0,793.84,2025-04-30 16:02:30
391,35,2,3,online,completed,111.06,0.0,111.06,2025-12-23 09:08:25
392,35,2,3,in_store,completed,398.74,0.0,398.74,2025-09-09 09:52:54
393,35,2,9,in_store,completed,385.77,0.0,385.77,2025-11-15 11:07:18
394,36,5,6,online,cancelled,89.03,0.0,89.03,2025-08-17 10:22:35
395,36,2,9,online,completed,206.75,0.0,206.75,2025-04-13 19:56:07
396,36,5,6,app,completed,180.92,12.05,168.87,2026-04-01 13:16:51
397,36,5,6,in_store,completed,495.11,0.0,495.11,2025-06-20 18:27:23
398,36,2,3,phone,completed,115.64,0.0,115.64,2025-02-09 13:52:20
399,37,1,2,online,completed,154.98,0.0,154.98,2025-07-15 12:20:34
400,37,1,7,online,completed,129.04,0.0,129.04,2025-08-05 19:11:29
401,37,1,7,app,completed,108.57,0.0,108.57,2025-01-18 19:45:50
402,38,4,5,app,completed,119.26,0.0,119.26,2025-03-31 20:14:31
403,38,3,4,online,completed,297.96,0.0,297.96,2026-01-10 14:52:31
404,38,3,10,online,completed,498.12,0.0,498.12,2025-08-10 14:12:06
405,38,3,10,app,completed,78.74,0.0,78.74,2025-09-03 12:29:01
406,38,3,4,app,completed,555.03,0.0,555.03,2025-01-01 16:32:23
407,38,3,10,in_store,completed,185.46,0.0,185.46,2025-03-25 18:35:59
408,38,3,4,online,completed,1093.97,0.0,1093.97,2025-06-27 14:22:55
409,38,3,4,in_store,completed,169.23,0.0,169.23,2026-01-21 19:34:37
410,39,1,2,online,completed,183.86,0.0,183.86,2025-11-20 10:53:37
411,39,1,2,phone,completed,518.76,0.0,518.76,2025-09-24 21:22:23
412,39,5,6,online,completed,336.72,67.33,269.39,2025-07-22 21:12:10
413,39,2,3,online,completed,100.54,0.0,100.54,2025-11-24 11:42:00
414,39,1,7,in_store,completed,161.76,0.0,161.76,2025-06-06 12:49:20
415,39,1,2,online,completed,112.32,0.0,112.32,2026-02-28 10:17:18
416,39,4,5,online,completed,693.53,0.0,693.53,2025-01-06 18:56:11
417,40,5,6,in_store,completed,127.5,0.0,127.5,2025-10-31 14:23:15
418,40,5,6,online,completed,297.96,0.0,297.96,2025-08-31 18:53:01
419,40,4,5,online,completed,37.24,0.0,37.24,2025-01-14 17:13:36
420,40,5,6,online,completed,615.85,0.0,615.85,2026-01-06 21:16:55
421,40,5,6,app,completed,226.43,0.0,226.43,2025-11-11 17:19:41
422,40,5,6,online,completed,230.19,0.0,230.19,2025-12-23 13:46:26
423,41,4,5,in_store,completed,347.9,0.0,347.9,2025-11-04 11:54:25
424,41,4,5,online,completed,621.56,0.0,621.56,2026-01-17 12:46:18
425,41,4,5,app,completed,27.43,0.0,27.43,2025-12-25 11:22:08
426,41,5,6,in_store,completed,631.22,0.0,631.22,2025-10-16 17:20:35
427,42,1,8,in_store,completed,690.01,0.0,690.01,2025-05-23 18:07:33
428,42,1,2,online,completed,98.44,0.0,98.44,2026-03-25 16:55:00
429,42,3,4,in_store,completed,219.22,0.0,219.22,2025-10-13 12:14:24
430,42,1,7,phone,completed,135.41,0.0,135.41,2025-03-10 18:06:16
431,42,1,8,online,completed,46.46,0.0,46.46,2025-09-26 15:24:10
432,42,1,2,online,completed,368.4,0.0,368.4,2025-09-03 19:38:42
433,43,4,5,app,completed,51.0,0.0,51.0,2025-03-07 10:32:31
434,43,4,5,app,completed,303.48,0.0,303.48,2025-11-17 09:31:38
435,43,4,5,in_store,completed,570.33,47.34,522.99,2025-07-22 19:26:42
436,44,4,5,in_store,completed,751.06,0.0,751.06,2025-05-28 14:41:58
437,44,4,5,online,completed,309.72,0.0,309.72,2025-08-26 20:48:48
438,44,4,5,online,completed,1158.48,0.0,1158.48,2025-12-16 10:37:37
439,44,4,5,app,completed,277.79,0.0,277.79,2025-05-19 14:54:52
440,45,1,8,in_store,completed,298.64,0.0,298.64,2025-05-16 19:40:28
441,45,1,7,app,completed,167.76,0.0,167.76,2025-10-11 12:38:59
442,45,3,10,app,completed,591.69,0.0,591.69,2025-04-04 16:09:45
443,45,1,7,online,completed,537.57,0.0,537.57,2025-05-11 14:30:39
444,45,1,7,app,completed,524.29,0.0,524.29,2026-02-20 16:20:54
445,45,1,2,in_store,completed,89.48,0.0,89.48,2025-08-12 09:49:30
446,45,1,7,in_store,completed,87.89,0.0,87.89,2025-02-25 19:50:43
447,45,1,8,in_store,completed,326.23,0.0,326.23,2025-02-27 18:33:17
448,46,3,4,in_store,completed,672.41,0.0,672.41,2026-03-07 08:41:57
449,46,4,5,online,completed,673.98,0.0,673.98,2026-01-15 11:39:37
450,46,4,5,in_store,completed,405.96,0.0,405.96,2025-04-23 15:56:46
451,46,4,5,online,completed,507.03,0.0,507.03,2025-02-21 20:00:27
452,46,4,5,in_store,completed,99.6,0.0,99.6,2026-03-25 18:16:52
453,47,1,2,in_store,completed,467.36,14.8,452.56,2025-07-10 13:03:04
454,47,1,7,in_store,completed,178.8,0.0,178.8,2025-04-29 20:17:06
455,47,1,8,in_store,completed,939.83,0.0,939.83,2026-02-14 17:23:30
456,47,1,2,in_store,completed,329.6,0.0,329.6,2025-08-12 19:04:43
457,47,1,2,online,completed,835.52,0.0,835.52,2025-09-29 20:42:48
458,47,1,7,in_store,completed,315.35,0.0,315.35,2025-02-10 13:03:26
459,48,5,6,app,completed,232.38,0.0,232.38,2026-03-23 11:22:38
460,48,5,6,online,completed,239.62,0.0,239.62,2025-04-11 11:23:33
461,48,5,6,in_store,completed,64.04,0.0,64.04,2025-08-25 09:10:57
462,48,3,4,online,completed,179.44,0.0,179.44,2025-09-20 14:42:39
463,48,4,5,in_store,completed,218.79,0.0,218.79,2025-05-06 11:04:25
464,48,5,6,online,completed,558.12,0.0,558.12,2025-09-28 15:52:58
465,48,5,6,in_store,completed,192.62,0.0,192.62,2025-07-28 14:46:06
466,49,3,10,in_store,completed,610.05,12.05,598.0,2026-04-08 12:21:59
467,49,2,3,online,completed,235.25,0.0,235.25,2025-08-19 13:01:09
468,49,3,4,in_store,completed,436.1,0.0,436.1,2025-12-31 14:09:17
469,49,3,10,in_store,completed,138.08,0.0,138.08,2026-04-11 17:39:49
470,49,3,4,online,cancelled,339.93,0.0,339.93,2026-03-21 10:35:44
471,50,5,6,online,completed,605.89,0.0,605.89,2025-05-19 14:39:58
472,50,5,6,app,completed,884.01,0.0,884.01,2025-07-08 18:30:44
473,50,5,6,app,completed,211.18,0.0,211.18,2025-03-20 17:58:38
474,50,5,6,in_store,completed,28.41,0.0,28.41,2025-04-23 15:17:20
475,50,5,6,online,completed,191.48,0.0,191.48,2026-02-14 13:36:00
476,50,5,6,app,completed,616.03,0.0,616.03,2025-02-03 13:28:07
477,50,5,6,online,completed,200.25,0.0,200.25,2026-04-01 12:05:17
478,50,4,5,online,completed,478.95,0.0,478.95,2025-09-05 12:49:02
479,51,2,9,app,completed,586.76,0.0,586.76,2025-03-20 18:46:30
480,53,1,7,online,completed,117.95,0.0,117.95,2025-08-12 13:44:46
481,53,1,7,app,completed,423.62,0.0,423.62,2025-09-07 13:59:57
482,54,2,3,app,completed,66.52,0.0,66.52,2026-03-13 17:06:29
483,54,2,3,online,completed,137.0,0.0,137.0,2025-02-17 10:50:52
484,55,4,5,phone,completed,92.17,0.0,92.17,2026-03-08 13:32:59
485,61,4,5,app,completed,361.2,0.0,361.2,2026-02-26 10:01:51
486,62,5,6,online,completed,836.56,0.0,836.56,2026-02-02 16:41:27
487,62,5,6,online,completed,398.52,0.0,398.52,2025-09-18 10:33:19
488,66,2,3,in_store,completed,564.23,0.0,564.23,2025-08-18 15:53:58
489,68,2,3,in_store,completed,315.42,0.0,315.42,2026-04-04 10:06:14
490,68,3,10,in_store,completed,552.01,11.08,540.93,2025-07-19 19:04:24
491,69,5,6,online,completed,358.19,0.0,358.19,2026-02-06 18:12:04
492,70,2,3,in_store,completed,424.22,0.0,424.22,2025-08-02 16:47:47
493,70,2,9,online,cancelled,880.16,0.0,880.16,2025-06-20 13:32:38
494,71,2,3,online,completed,613.37,0.0,613.37,2025-06-20 13:34:05
495,71,1,8,in_store,completed,330.12,0.0,330.12,2026-02-23 12:57:13
496,71,2,3,in_store,completed,190.38,0.0,190.38,2025-07-23 17:48:33
497,73,1,2,app,completed,416.03,0.0,416.03,2025-09-12 11:24:32
498,73,5,6,online,completed,424.76,0.0,424.76,2025-01-08 20:02:48
499,74,2,3,in_store,completed,656.22,0.0,656.22,2025-12-10 17:38:15
500,77,1,7,in_store,completed,81.36,0.0,81.36,2025-05-03 17:31:55
501,78,2,9,online,completed,40.94,0.0,40.94,2025-09-04 14:39:26
502,78,2,9,in_store,completed,82.34,0.0,82.34,2025-04-07 10:50:49
503,78,2,3,online,completed,832.3,0.0,832.3,2025-09-25 12:08:14
504,79,4,5,online,completed,128.34,0.0,128.34,2025-09-05 19:24:02
505,80,1,8,in_store,completed,771.05,0.0,771.05,2025-08-20 14:28:03
506,81,3,4,in_store,completed,244.14,0.0,244.14,2026-03-08 20:46:22
507,81,3,10,online,completed,209.8,0.0,209.8,2025-11-16 10:00:57
508,81,2,9,in_store,completed,202.08,0.0,202.08,2025-12-23 17:08:02
509,83,2,3,in_store,completed,622.25,0.0,622.25,2025-06-03 18:31:22
510,83,2,9,in_store,completed,375.79,0.0,375.79,2025-02-28 09:46:06
511,83,2,3,online,completed,319.84,0.0,319.84,2025-06-09 14:35:55
512,84,4,5,in_store,completed,30.88,0.0,30.88,2025-01-27 09:28:40
513,84,4,5,in_store,completed,174.62,0.0,174.62,2025-10-05 19:33:45
514,87,5,6,in_store,completed,609.32,0.0,609.32,2025-12-29 12:30:42
515,87,5,6,phone,completed,631.71,0.0,631.71,2025-11-10 13:01:39
516,87,5,6,app,completed,370.13,0.0,370.13,2026-03-15 20:25:46
517,88,4,5,app,completed,108.7,0.0,108.7,2026-02-21 20:12:00
518,90,4,5,in_store,completed,91.65,0.0,91.65,2025-04-22 10:52:51
519,90,4,5,in_store,completed,530.87,34.64,496.23,2025-07-31 18:06:44
520,90,4,5,in_store,completed,779.09,0.0,779.09,2025-12-06 18:51:44
521,91,3,10,in_store,completed,91.06,0.0,91.06,2025-05-21 10:47:23
522,91,1,7,in_store,completed,109.47,0.0,109.47,2026-01-19 13:02:48
523,91,3,4,in_store,completed,441.85,0.0,441.85,2026-01-29 14:55:22
524,92,3,4,app,completed,576.11,0.0,576.11,2025-08-13 17:28:02
525,93,4,5,in_store,completed,178.8,0.0,178.8,2026-01-05 17:39:54
526,94,1,2,in_store,completed,237.98,0.0,237.98,2025-01-11 18:09:14
527,94,1,2,app,completed,1157.87,0.0,1157.87,2026-02-14 13:48:06
528,95,5,6,phone,completed,910.89,0.0,910.89,2025-02-25 18:44:37
529,95,5,6,online,completed,414.02,0.0,414.02,2025-08-30 14:47:14
530,95,5,6,in_store,completed,33.79,0.0,33.79,2025-10-15 12:50:51
531,97,3,4,app,completed,265.95,0.0,265.95,2025-10-01 10:50:26
532,98,4,5,in_store,completed,334.57,0.0,334.57,2025-02-19 10:34:00
533,99,5,6,online,completed,136.26,0.0,136.26,2026-01-18 13:40:57
534,99,4,5,online,completed,327.81,0.0,327.81,2026-01-23 18:45:30
535,95,5,12,in_store,completed,259.48,0.0,259.48,2026-03-21 11:47:06
536,84,4,15,online,completed,275.95,0.0,275.95,2026-03-27 12:28:37
537,12,5,12,in_store,completed,235.92,0.0,235.92,2026-03-25 14:38:16
538,47,4,15,in_store,completed,242.68,0.0,242.68,2026-03-16 09:42:14
539,35,2,13,app,pending,88.68,0.0,88.68,2026-03-16 18:40:10
540,88,5,12,phone,completed,569.95,0.0,569.95,2026-03-15 12:52:02
541,83,5,12,in_store,completed,154.79,0.0,154.79,2026-03-22 11:15:47
542,12,2,3,in_store,completed,417.69,0.0,417.69,2026-03-18 19:10:50
543,15,1,8,phone,completed,367.72,0.0,367.72,2026-03-24 10:18:27
544,39,1,7,in_store,completed,827.77,0.0,827.77,2026-03-25 21:10:34
545,31,2,13,in_store,completed,66.4,0.0,66.4,2026-03-16 20:31:52
546,22,3,10,online,completed,413.01,0.0,413.01,2026-03-27 12:59:34
547,9,2,9,in_store,pending,119.25,0.0,119.25,2026-03-31 12:37:14
548,31,2,9,app,completed,225.34,0.0,225.34,2026-03-29 12:34:08
549,55,5,12,online,completed,236.38,0.0,236.38,2026-03-15 19:41:41
550,25,1,16,in_store,completed,343.96,0.0,343.96,2026-03-27 11:17:29
551,2,5,6,app,completed,294.83,0.0,294.83,2026-03-21 11:26:31
552,90,3,14,online,completed,230.71,0.0,230.71,2026-03-29 11:12:18
553,68,3,4,in_store,completed,152.68,0.0,152.68,2026-03-30 10:54:11
554,73,2,3,online,completed,303.59,0.0,303.59,2026-03-15 18:05:26
555,83,3,10,online,completed,34.99,0.0,34.99,2026-03-24 21:59:04
556,45,2,3,in_store,completed,373.35,0.0,373.35,2026-03-25 13:10:28
557,14,2,13,online,completed,253.92,0.0,253.92,2026-03-18 13:18:38
558,7,2,3,app,completed,109.8,0.0,109.8,2026-03-27 13:02:00
559,,4,2,app,completed,76.79,0.0,76.79,2026-03-18 17:02:53
560,27,1,7,app,completed,418.13,0.0,418.13,2026-03-17 14:49:35
561,43,1,16,app,completed,371.15,0.0,371.15,2026-03-21 13:10:50
562,85,2,3,online,pending,244.46,0.0,244.46,2026-03-24 13:55:04
563,34,1,7,online,completed,165.8,0.0,165.8,2026-03-22 09:06:38
564,6,4,15,online,pending,554.69,0.0,554.69,2026-03-14 17:59:51
565,16,4,15,in_store,completed,137.93,0.0,137.93,2026-03-30 13:42:26
566,79,5,12,online,completed,88.21,0.0,88.21,2026-03-31 09:19:18
567,95,3,4,app,completed,409.12,0.0,409.12,2026-03-16 13:32:42
568,19,2,3,in_store,completed,417.27,0.0,417.27,2026-03-21 16:39:54
569,97,5,6,phone,completed,282.31,0.0,282.31,2026-03-27 12:11:51
570,72,3,14,in_store,completed,253.87,0.0,253.87,2026-04-28 18:52:46
571,100,5,12,app,completed,209.66,0.0,209.66,2026-04-21 13:28:04
572,28,5,6,online,pending,376.71,0.0,376.71,2026-04-27 14:34:29
573,98,1,16,online,completed,140.45,0.0,140.45,2026-04-14 14:19:48
574,87,2,9,app,completed,511.72,0.0,511.72,2026-04-19 16:58:08
575,34,3,10,in_store,completed,324.68,0.0,324.68,2026-04-20 16:20:21
576,9,2,13,in_store,completed,33.49,0.0,33.49,2026-04-14 12:12:53
577,28,1,16,app,completed,151.27,0.0,151.27,2026-04-22 21:23:10
578,49,2,9,app,refunded,493.52,0.0,493.52,2026-04-20 10:37:44
579,55,1,8,in_store,completed,361.63,0.0,361.63,2026-04-30 19:21:00
580,67,3,14,in_store,completed,390.42,0.0,390.42,2026-04-29 16:27:52
581,86,3,10,online,completed,149.17,0.0,149.17,2026-04-14 16:54:20
582,72,5,6,online,completed,245.42,0.0,245.42,2026-04-20 10:15:46
583,29,1,16,app,completed,628.13,0.0,628.13,2026-04-21 13:42:37
584,33,3,4,in_store,completed,93.27,0.0,93.27,2026-04-20 14:07:47
585,37,5,6,in_store,completed,146.72,0.0,146.72,2026-04-23 12:23:11
586,82,5,12,in_store,completed,275.88,0.0,275.88,2026-04-14 18:18:30
587,52,1,16,in_store,completed,200.53,0.0,200.53,2026-04-15 11:09:51
588,80,4,2,phone,cancelled,168.61,0.0,168.61,2026-04-30 15:28:58
589,27,1,7,in_store,completed,202.36,0.0,202.36,2026-04-16 11:15:11
590,91,1,8,app,completed,296.38,0.0,296.38,2026-04-28 10:43:14
591,40,1,8,online,completed,230.19,0.0,230.19,2026-04-17 16:44:19
592,12,4,2,app,pending,188.22,0.0,188.22,2026-04-14 21:43:52
593,56,2,13,online,completed,203.2,0.0,203.2,2026-04-16 16:22:26
594,71,3,4,online,completed,422.14,0.0,422.14,2026-04-16 14:16:20
595,25,3,14,online,pending,80.25,0.0,80.25,2026-04-29 19:28:48
596,63,3,4,in_store,completed,394.86,0.0,394.86,2026-04-21 20:10:19
597,20,2,9,app,completed,154.97,0.0,154.97,2026-04-23 17:45:17
598,18,4,2,in_store,completed,286.7,0.0,286.7,2026-04-27 14:59:50
599,20,5,12,online,completed,682.88,0.0,682.88,2026-04-29 14:21:35
600,41,5,12,app,completed,432.01,0.0,432.01,2026-04-26 15:42:50
601,59,3,4,app,completed,234.19,0.0,234.19,2026-04-18 15:55:41
602,49,5,12,app,completed,218.94,0.0,218.94,2026-04-29 17:02:39
603,98,3,14,app,completed,270.23,0.0,270.23,2026-04-17 16:10:44
604,68,3,10,online,completed,259.8,0.0,259.8,2026-04-19 11:11:05
605,33,5,6,online,completed,253.38,0.0,253.38,2026-04-23 19:34:10
606,59,3,10,in_store,cancelled,237.26,0.0,237.26,2026-04-26 16:06:15
607,2,5,6,online,completed,292.04,0.0,292.04,2026-04-29 13:49:51
608,88,5,6,app,completed,393.48,0.0,393.48,2026-04-17 19:41:02
609,54,2,3,in_store,completed,271.61,0.0,271.61,2026-04-18 21:34:56
610,44,2,3,online,completed,236.25,0.0,236.25,2026-04-16 11:48:14
611,87,2,9,online,completed,370.14,0.0,370.14,2026-04-26 19:23:06
612,39,3,14,online,completed,135.16,0.0,135.16,2026-04-17 11:02:02
613,96,3,14,online,pending,224.48,0.0,224.48,2026-04-27 18:47:46
614,,2,9,in_store,completed,731.15,0.0,731.15,2026-04-28 16:15:54
615,16,2,9,in_store,completed,622.53,0.0,622.53,2026-04-20 19:40:38
616,28,4,2,online,completed,108.24,0.0,108.24,2026-04-18 21:57:38
617,4,2,3,in_store,completed,175.62,0.0,175.62,2026-04-25 21:50:15
618,61,1,16,phone,completed,380.27,0.0,380.27,2026-04-25 17:37:06
619,4,2,3,online,completed,191.85,0.0,191.85,2026-04-26 15:43:06
620,82,2,13,online,completed,302.6,0.0,302.6,2026-04-24 15:38:33
621,71,5,6,online,cancelled,490.5,0.0,490.5,2026-04-28 12:26:21
622,9,5,6,in_store,completed,174.87,0.0,174.87,2026-04-16 15:06:47
623,97,2,9,app,completed,208.7,0.0,208.7,2026-04-15 13:38:19
624,72,1,8,in_store,completed,318.47,32.31,286.16,2026-05-25 13:36:14
625,4,5,6,app,completed,149.95,27.16,122.79,2026-05-17 12:24:26
626,55,2,9,online,completed,407.72,10.0,397.72,2026-05-15 15:17:13
627,99,2,3,phone,completed,154.45,10.0,144.45,2026-05-09 13:20:07
628,10,5,12,app,completed,647.98,20.0,627.98,2026-05-02 15:01:29
629,14,2,3,online,completed,193.19,0.0,193.19,2026-05-19 15:33:05
630,45,2,9,app,completed,203.42,0.0,203.42,2026-05-27 19:52:09
631,60,5,12,app,completed,148.62,0.0,148.62,2026-05-19 19:40:39
632,40,2,9,online,completed,249.72,0.0,249.72,2026-05-02 09:23:53
633,42,4,15,online,completed,507.08,10.0,497.08,2026-05-17 11:03:28
634,48,4,11,online,completed,181.27,10.0,171.27,2026-05-14 21:21:43
635,45,4,11,app,completed,254.59,10.0,244.59,2026-05-23 19:25:08
636,3,3,10,in_store,completed,98.75,5.95,92.8,2026-05-06 12:21:49
637,,4,11,phone,completed,177.8,15.46,162.34,2026-05-20 11:38:24
638,58,5,6,online,completed,238.6,0.0,238.6,2026-05-08 13:51:50
639,21,3,4,online,completed,564.69,4.24,560.45,2026-05-05 13:03:41
640,56,4,2,in_store,completed,512.13,23.85,488.28,2026-05-27 16:56:22
641,,2,9,app,completed,233.96,10.0,223.96,2026-05-27 11:48:45
642,31,1,8,in_store,completed,193.86,0.0,193.86,2026-05-02 12:26:40
643,31,1,16,in_store,completed,374.46,19.16,355.3,2026-05-22 19:05:33
644,14,5,12,in_store,completed,253.93,14.74,239.19,2026-05-02 14:34:21
645,40,1,16,online,completed,374.46,10.0,364.46,2026-05-16 13:02:48
646,50,3,10,in_store,completed,426.18,30.0,396.18,2026-05-16 20:31:23
647,57,3,10,online,completed,226.53,0.0,226.53,2026-05-02 20:55:58
648,87,4,2,in_store,completed,130.35,0.0,130.35,2026-05-05 18:43:50
649,48,2,9,online,pending,379.14,39.55,339.59,2026-05-25 10:36:08
650,34,2,13,online,completed,173.59,5.59,168.0,2026-05-07 18:18:44
651,91,2,3,online,completed,229.47,10.0,219.47,2026-05-18 13:57:19
652,12,4,2,in_store,completed,243.78,10.0,233.78,2026-05-13 20:46:30
653,76,5,6,phone,completed,121.05,10.0,111.05,2026-05-05 15:32:58
654,36,5,6,app,completed,196.51,0.0,196.51,2026-05-10 18:34:05
655,,4,2,in_store,completed,261.06,31.52,229.54,2026-05-02 19:49:36
656,59,5,6,app,completed,183.56,10.0,173.56,2026-05-02 11:28:26
657,48,3,14,online,cancelled,235.07,3.73,231.34,2026-05-04 14:15:29
658,74,2,13,in_store,completed,177.13,20.0,157.13,2026-05-07 21:10:31
659,84,4,15,online,completed,143.67,0.0,143.67,2026-05-10 17:00:54
660,37,2,3,online,completed,126.98,20.0,106.98,2026-05-17 16:48:35
661,6,4,2,in_store,completed,113.88,0.0,113.88,2026-05-05 20:21:51
662,39,4,15,online,completed,454.7,0.0,454.7,2026-05-17 17:34:31
663,34,1,7,app,completed,465.79,10.0,455.79,2026-05-02 18:30:10
664,53,3,14,phone,completed,219.4,13.92,205.48,2026-05-20 16:55:54
665,93,5,12,app,completed,340.18,0.0,340.18,2026-05-16 12:15:17
666,93,4,11,in_store,completed,649.35,10.0,639.35,2026-05-04 18:43:34
667,96,3,10,in_store,completed,137.63,3.92,133.71,2026-05-07 17:17:59
668,43,1,16,in_store,completed,307.06,20.0,287.06,2026-05-22 21:08:00
669,5,5,6,online,completed,547.08,10.0,537.08,2026-05-27 11:59:58
670,78,1,1,online,completed,113.57,5.14,108.43,2026-05-10 16:41:34
671,95,5,12,in_store,pending,317.0,24.77,292.23,2026-05-19 19:48:12
672,31,1,16,app,pending,708.74,20.0,688.74,2026-05-09 14:19:37
673,29,2,3,online,completed,215.2,0.0,215.2,2026-05-05 16:47:38
674,11,4,15,online,completed,181.72,0.0,181.72,2026-05-17 20:23:04
675,66,3,10,in_store,completed,230.41,10.0,220.41,2026-05-15 11:32:26
676,55,4,11,app,refunded,399.24,0.0,399.24,2026-05-03 17:03:59
677,49,2,9,in_store,completed,106.52,0.0,106.52,2026-05-22 19:55:34
678,39,1,16,app,completed,412.36,10.0,402.36,2026-05-24 17:27:34
679,99,5,6,in_store,completed,94.6,10.0,84.6,2026-05-07 10:06:38
680,100,2,3,in_store,completed,667.17,10.0,657.17,2026-05-17 13:14:52
681,76,2,13,in_store,completed,486.38,20.0,466.38,2026-05-21 19:27:35
682,29,3,10,app,completed,234.45,0.0,234.45,2026-05-05 21:29:58
683,43,2,13,in_store,completed,260.47,10.0,250.47,2026-05-15 14:05:34
684,25,1,1,app,completed,233.75,10.0,223.75,2026-05-25 16:58:15
685,41,5,6,online,completed,429.36,59.21,370.15,2026-05-11 15:02:36
686,44,5,12,phone,completed,221.53,0.0,221.53,2026-05-27 16:46:41
687,10,1,1,phone,completed,223.14,0.0,223.14,2026-05-01 15:08:53
688,85,4,11,in_store,completed,189.2,0.0,189.2,2026-05-01 17:35:26
689,87,3,10,in_store,completed,335.27,10.0,325.27,2026-05-04 10:33:09
690,88,5,6,app,completed,289.38,10.0,279.38,2026-05-21 21:02:05
691,13,2,13,in_store,completed,353.42,10.0,343.42,2026-05-08 12:57:55
692,97,2,13,online,completed,274.85,0.0,274.85,2026-05-03 13:10:36
693,45,3,4,in_store,completed,208.0,20.0,188.0,2026-05-14 12:53:04
694,49,5,6,phone,completed,275.04,20.0,255.04,2026-05-20 13:51:15
695,17,5,6,in_store,completed,314.39,0.0,314.39,2026-05-14 16:35:35
696,50,1,1,app,completed,235.16,20.0,215.16,2026-05-18 12:36:33
697,47,3,10,in_store,completed,44.15,10.0,34.15,2026-05-24 19:31:38
698,56,2,13,online,completed,220.85,10.0,210.85,2026-05-05 13:20:38
699,1,2,9,online,completed,267.74,0.0,267.74,2026-04-05 12:08:32
700,1,2,9,in_store,completed,411.02000000000004,0.0,411.02,2026-04-15 17:16:35
701,1,2,3,in_store,completed,112.32,0.0,112.32,2026-05-13 11:32:58
702,1,2,9,online,completed,209.86,0.0,209.86,2026-05-15 17:58:00
703,1,3,4,online,completed,93.03999999999999,0.0,93.04,2026-03-08 10:46:31
704,1,3,14,in_store,completed,135.13,0.0,135.13,2026-05-05 19:23:28
705,3,2,3,in_store,completed,73.5,0.0,73.5,2026-03-07 09:55:21
706,3,2,13,online,completed,357.02,0.0,357.02,2026-04-15 12:50:30
707,3,2,13,in_store,completed,176.75,0.0,176.75,2026-04-09 20:21:51
708,3,1,16,online,completed,46.32,0.0,46.32,2026-03-05 19:34:53
709,3,2,9,in_store,completed,205.5,0.0,205.5,2026-05-23 15:57:03
710,3,2,9,in_store,completed,92.87,11.48,81.39,2026-05-07 20:50:35
711,3,2,9,in_store,completed,125.85000000000001,0.0,125.85,2026-04-26 16:32:58
712,3,2,3,online,completed,45.71,0.0,45.71,2026-04-26 18:02:39
713,3,2,13,in_store,completed,420.29999999999995,47.12,373.18,2026-03-26 15:08:42
714,3,2,3,in_store,completed,718.97,0.0,718.97,2026-03-21 17:16:08
715,3,2,3,online,completed,262.06,20.49,241.57,2026-05-04 10:56:08
716,3,2,9,online,pending,92.17,0.0,92.17,2026-05-01 13:32:31
717,3,2,3,in_store,refunded,309.79,0.0,309.79,2026-03-13 19:16:10
718,3,2,9,online,completed,152.18,19.48,132.7,2026-03-15 15:08:02
719,3,5,6,online,completed,164.38,0.0,164.38,2026-05-17 11:56:26
720,3,2,13,online,completed,202.47000000000003,0.0,202.47,2026-03-16 20:06:24
721,3,2,3,online,completed,425.45000000000005,0.0,425.45,2026-04-01 13:55:04
722,6,5,12,in_store,completed,216.31,0.0,216.31,2026-04-27 15:22:46
723,6,5,6,in_store,completed,171.4,0.0,171.4,2026-03-07 19:58:21
724,6,5,6,online,completed,379.97999999999996,0.0,379.98,2026-05-04 15:43:47
725,6,5,12,in_store,pending,403.68,0.0,403.68,2026-03-21 17:30:50
726,6,5,6,online,completed,451.92999999999995,0.0,451.93,2026-03-05 12:30:39
727,6,5,6,in_store,cancelled,18.8,0.0,18.8,2026-05-23 10:49:27
728,6,1,16,online,completed,210.14,0.0,210.14,2026-05-04 17:35:38
729,6,5,12,in_store,completed,18.62,0.0,18.62,2026-05-12 12:53:40
730,6,5,12,online,completed,31.37,0.0,31.37,2026-04-02 14:57:34
731,6,5,6,in_store,completed,144.45,0.0,144.45,2026-04-02 17:29:26
732,6,1,16,in_store,completed,161.76999999999998,0.0,161.77,2026-04-04 13:48:24
733,6,5,12,online,completed,405.65999999999997,0.0,405.66,2026-03-13 18:34:01
734,6,5,12,in_store,cancelled,250.58,36.38,214.2,2026-05-20 15:16:53
735,6,5,6,in_store,cancelled,31.44,0.0,31.44,2026-03-04 12:12:53
736,6,5,6,in_store,pending,130.34,10.58,119.76,2026-03-25 14:10:38
737,6,5,12,in_store,pending,483.81000000000006,0.0,483.81,2026-03-20 10:37:44
738,6,5,12,online,completed,397.03,0.0,397.03,2026-05-04 14:04:32
739,8,1,16,online,completed,27.37,0.0,27.37,2026-03-18 20:33:41
740,8,1,8,online,completed,417.82000000000005,29.75,388.07,2026-03-28 16:15:48
741,8,1,8,in_store,completed,108.49000000000001,0.0,108.49,2026-05-08 13:35:00
742,8,1,16,in_store,completed,59.6,0.0,59.6,2026-05-16 09:05:18
743,8,1,8,in_store,cancelled,155.92,0.0,155.92,2026-04-23 14:22:44
744,8,1,7,online,completed,158.38,0.0,158.38,2026-05-11 16:17:46
745,8,1,7,in_store,completed,258.09000000000003,0.0,258.09,2026-03-06 17:18:44
746,8,1,1,in_store,completed,145.12,0.0,145.12,2026-03-08 18:40:43
747,8,1,7,in_store,completed,497.27,0.0,497.27,2026-05-14 15:38:38
748,8,1,1,online,cancelled,28.81,1.66,27.15,2026-03-10 12:40:13
749,8,1,16,online,completed,351.06,0.0,351.06,2026-03-29 09:14:18
750,8,5,6,online,completed,302.70000000000005,0.0,302.7,2026-05-02 11:58:17
751,8,1,16,in_store,pending,296.12,0.0,296.12,2026-04-09 13:32:34
752,8,1,7,online,completed,73.45,0.0,73.45,2026-03-03 19:52:17
753,8,5,12,in_store,completed,92.30000000000001,0.0,92.3,2026-04-03 15:21:20
754,8,1,1,in_store,completed,258.54,0.0,258.54,2026-03-31 13:20:07
755,8,1,7,in_store,completed,238.54,0.0,238.54,2026-03-13 13:28:56
756,9,2,13,in_store,completed,245.36,0.0,245.36,2026-04-09 10:14:53
757,9,2,9,online,completed,196.79999999999998,0.0,196.8,2026-04-07 12:58:38
758,9,4,2,in_store,pending,104.17,0.0,104.17,2026-03-29 18:37:42
759,9,2,9,in_store,completed,219.09,0.0,219.09,2026-05-07 12:36:24
760,9,2,9,in_store,completed,215.51,0.0,215.51,2026-05-16 19:09:31
761,9,2,13,online,completed,293.98,0.0,293.98,2026-04-15 13:21:39
762,9,2,13,in_store,completed,185.17,20.99,164.18,2026-03-04 18:04:15
763,10,5,6,in_store,completed,224.17,0.0,224.17,2026-03-05 14:50:03
764,10,2,13,online,completed,239.18,0.0,239.18,2026-03-17 10:39:55
765,10,2,9,in_store,completed,261.81,0.0,261.81,2026-03-28 19:34:10
766,10,4,11,in_store,completed,722.24,0.0,722.24,2026-04-07 16:06:15
767,10,2,9,in_store,completed,239.58999999999997,0.0,239.59,2026-05-23 19:49:47
768,10,2,3,in_store,completed,296.34000000000003,0.0,296.34,2026-05-02 09:19:50
769,10,2,3,online,completed,120.52000000000001,0.0,120.52,2026-05-16 17:56:23
770,10,4,2,in_store,completed,543.56,0.0,543.56,2026-03-14 12:55:43
771,10,2,13,in_store,completed,367.0,0.0,367.0,2026-04-06 19:23:06
772,10,2,13,in_store,completed,511.54999999999995,0.0,511.55,2026-05-19 16:58:44
773,10,2,3,online,completed,252.85,0.0,252.85,2026-03-14 15:29:23
774,10,2,9,online,completed,128.55,0.0,128.55,2026-03-28 09:44:23
775,10,2,13,in_store,completed,104.97,0.0,104.97,2026-05-02 14:03:25
776,10,2,3,online,completed,226.73,0.0,226.73,2026-03-05 14:15:08
777,12,3,14,in_store,completed,35.75,0.0,35.75,2026-05-23 11:08:34
778,12,3,10,online,completed,52.69,0.0,52.69,2026-04-01 09:11:16
779,12,3,10,online,completed,590.09,0.0,590.09,2026-03-11 16:32:14
780,12,3,14,in_store,completed,156.24,0.0,156.24,2026-03-08 14:38:09
781,12,3,10,online,completed,128.48,0.0,128.48,2026-03-29 16:32:38
782,12,5,12,in_store,completed,122.28,7.29,114.99,2026-04-11 14:42:16
783,12,3,4,online,completed,331.05,0.0,331.05,2026-04-26 17:35:21
784,12,1,8,online,completed,52.73,7.09,45.64,2026-04-04 10:36:32
785,12,3,10,online,completed,679.79,43.73,636.06,2026-05-18 15:54:35
786,12,3,4,online,cancelled,271.52,0.0,271.52,2026-05-01 09:05:47
787,13,2,13,online,completed,332.69,0.0,332.69,2026-05-25 09:09:10
788,13,2,13,in_store,completed,163.21,0.0,163.21,2026-04-11 10:18:43
789,13,2,3,online,completed,28.81,0.0,28.81,2026-03-21 11:48:16
790,13,2,9,online,pending,205.84,0.0,205.84,2026-03-23 17:35:53
791,13,2,3,in_store,completed,434.83,62.95,371.88,2026-04-11 18:25:45
792,13,2,13,in_store,completed,110.09,0.0,110.09,2026-04-12 10:15:27
793,13,2,3,in_store,completed,56.41,0.0,56.41,2026-05-01 10:33:32
794,13,2,3,online,completed,267.37,0.0,267.37,2026-03-15 13:12:11
795,13,2,13,in_store,pending,258.47,26.04,232.43,2026-05-25 18:41:40
796,13,2,9,in_store,completed,410.31000000000006,0.0,410.31,2026-04-05 13:04:41
797,13,2,13,online,completed,345.73,0.0,345.73,2026-04-28 16:32:09
798,13,2,3,in_store,completed,159.25,0.0,159.25,2026-03-28 15:26:49
799,13,2,13,online,completed,56.41,0.0,56.41,2026-04-02 10:37:42
800,13,2,3,online,pending,169.32,0.0,169.32,2026-03-09 13:35:24
801,13,2,13,in_store,completed,81.11,0.0,81.11,2026-05-05 15:32:23
802,13,5,6,online,completed,123.69,10.84,112.85,2026-03-16 10:18:54
803,13,2,13,online,completed,232.7,0.0,232.7,2026-05-10 16:02:26
804,15,3,4,in_store,completed,336.01,0.0,336.01,2026-05-21 12:23:43
805,15,1,16,in_store,completed,211.89,0.0,211.89,2026-03-10 20:54:33
806,15,2,9,in_store,completed,210.85000000000002,0.0,210.85,2026-04-10 09:25:32
807,15,4,2,online,completed,16.02,0.93,15.09,2026-03-28 16:44:53
808,15,3,4,online,cancelled,207.26,0.0,207.26,2026-04-29 17:27:07
809,15,3,10,online,completed,31.44,2.68,28.76,2026-03-02 19:32:36
810,15,3,4,in_store,completed,138.16,0.0,138.16,2026-04-05 10:33:34
811,15,4,15,in_store,completed,140.48,17.97,122.51,2026-05-16 10:22:15
812,15,3,14,in_store,completed,311.18,0.0,311.18,2026-03-18 11:04:45
813,15,3,10,online,completed,91.52,10.58,80.94,2026-03-25 09:48:41
814,18,3,10,in_store,completed,114.75,0.0,114.75,2026-05-12 16:57:24
815,18,3,4,in_store,completed,114.75999999999999,0.0,114.76,2026-04-11 18:52:11
816,19,1,16,online,pending,482.05,0.0,482.05,2026-04-13 14:28:02
817,19,1,7,in_store,completed,237.27,0.0,237.27,2026-05-22 18:43:50
818,19,2,13,online,pending,136.44,0.0,136.44,2026-04-13 14:23:28
819,26,2,3,in_store,completed,385.56000000000006,22.13,363.43,2026-04-07 17:07:16
820,26,2,13,in_store,completed,150.87,0.0,150.87,2026-05-18 19:54:20
821,28,4,15,online,completed,200.1,0.0,200.1,2026-04-19 12:07:12
822,28,4,2,in_store,completed,195.02,18.84,176.18,2026-04-08 20:46:30
823,28,4,2,online,completed,108.68,15.59,93.09,2026-04-27 11:49:08
824,28,4,15,in_store,completed,120.9,13.79,107.11,2026-03-25 12:40:35
825,29,4,15,online,completed,425.89000000000004,0.0,425.89,2026-05-03 18:46:57
826,29,4,2,online,completed,198.08,0.0,198.08,2026-04-30 19:01:31
827,29,4,2,in_store,completed,287.36,0.0,287.36,2026-04-17 16:13:21
828,31,2,9,online,completed,60.83,4.81,56.02,2026-03-11 14:15:29
829,31,2,13,in_store,completed,358.14000000000004,31.99,326.15,2026-05-24 11:52:20
830,31,2,3,online,completed,195.39,0.0,195.39,2026-04-04 09:03:18
831,31,4,11,in_store,completed,69.04,0.0,69.04,2026-04-08 09:36:35
832,31,2,9,online,pending,303.3,30.61,272.69,2026-04-29 10:08:06
833,31,2,3,in_store,completed,99.92,0.0,99.92,2026-05-09 14:51:30
834,31,2,13,in_store,completed,119.58,0.0,119.58,2026-04-02 17:53:32
835,33,5,12,online,completed,294.48,0.0,294.48,2026-05-17 20:55:44
836,33,5,6,online,completed,325.29,0.0,325.29,2026-03-17 17:40:46
837,33,5,6,in_store,completed,584.53,0.0,584.53,2026-03-31 15:09:26
838,33,5,6,online,completed,586.4699999999999,0.0,586.47,2026-03-21 17:20:42
839,33,5,12,online,completed,156.24,0.0,156.24,2026-03-19 12:17:35
840,34,4,11,in_store,completed,212.97000000000003,0.0,212.97,2026-04-03 17:59:59
841,34,4,2,in_store,completed,263.95,32.75,231.2,2026-03-28 20:05:22
842,34,4,2,online,completed,85.01,0.0,85.01,2026-05-01 12:03:06
843,34,2,9,in_store,completed,320.84000000000003,0.0,320.84,2026-05-03 12:48:18
844,38,1,7,in_store,completed,146.88,15.69,131.19,2026-03-04 15:50:31
845,38,3,10,in_store,completed,172.21,0.0,172.21,2026-05-02 17:33:31
846,38,3,14,online,completed,146.34,0.0,146.34,2026-05-11 14:50:18
847,39,1,8,in_store,completed,155.32999999999998,0.0,155.33,2026-05-04 10:11:08
848,39,4,15,online,completed,19.38,2.3,17.08,2026-03-26 19:23:44
849,39,4,15,in_store,completed,18.41,0.0,18.41,2026-03-29 14:39:14
850,39,4,11,online,completed,342.8,0.0,342.8,2026-05-13 17:51:42
851,39,1,7,online,completed,124.94,0.0,124.94,2026-03-15 11:20:54
852,39,1,1,in_store,completed,68.94,0.0,68.94,2026-04-19 15:29:36
853,39,1,8,in_store,cancelled,322.89,0.0,322.89,2026-03-22 18:04:02
854,39,1,16,online,refunded,648.84,0.0,648.84,2026-03-14 19:46:41
855,39,1,7,online,completed,293.39,0.0,293.39,2026-04-21 11:46:14
856,40,5,12,online,completed,288.9,0.0,288.9,2026-03-19 20:48:07
857,40,2,3,in_store,completed,291.52,0.0,291.52,2026-04-27 09:28:38
858,40,5,6,online,completed,347.9,0.0,347.9,2026-03-29 12:52:58
859,40,5,12,in_store,completed,265.54999999999995,0.0,265.55,2026-04-27 20:58:11
860,40,5,12,in_store,completed,287.96000000000004,0.0,287.96,2026-03-15 13:24:11
861,45,1,16,online,completed,86.43,0.0,86.43,2026-03-14 15:15:16
862,45,1,7,in_store,completed,93.6,0.0,93.6,2026-04-06 19:38:38
863,45,1,7,in_store,completed,220.5,33.07,187.43,2026-05-24 14:19:58
864,45,1,7,online,pending,371.7,0.0,371.7,2026-03-20 15:58:15
865,45,1,16,in_store,completed,275.32,20.95,254.37,2026-05-17 20:30:48
866,45,5,12,online,completed,350.55999999999995,0.0,350.56,2026-04-02 12:24:36
867,45,1,7,in_store,completed,75.87,0.0,75.87,2026-03-14 20:34:31
868,47,1,1,in_store,completed,294.06,0.0,294.06,2026-03-14 19:14:04
869,47,5,6,in_store,completed,267.62,0.0,267.62,2026-04-23 15:00:01
870,47,1,7,in_store,completed,237.13,0.0,237.13,2026-04-20 11:15:12
871,48,5,6,online,completed,225.69,0.0,225.69,2026-05-06 10:41:54
872,48,5,6,in_store,completed,315.27,0.0,315.27,2026-05-22 15:41:50
873,48,5,12,in_store,completed,286.34999999999997,0.0,286.35,2026-03-08 19:59:17
874,48,5,12,in_store,completed,443.02,0.0,443.02,2026-03-16 18:15:36
875,48,5,12,in_store,completed,299.94,0.0,299.94,2026-04-12 12:53:04
876,49,3,10,online,completed,377.70000000000005,24.71,352.99,2026-04-11 11:43:37
877,49,3,14,online,cancelled,66.93,0.0,66.93,2026-04-07 14:23:06
878,49,3,4,online,completed,251.51,0.0,251.51,2026-04-13 17:35:32
879,49,3,10,in_store,completed,223.03,0.0,223.03,2026-04-10 15:49:05
880,49,3,4,in_store,completed,186.6,0.0,186.6,2026-04-10 13:30:50
881,50,5,6,in_store,completed,215.73000000000002,0.0,215.73,2026-03-14 13:00:25
882,50,5,6,in_store,completed,356.91,0.0,356.91,2026-04-28 20:12:30
883,50,5,6,in_store,completed,305.82,0.0,305.82,2026-03-28 15:23:07
884,50,1,16,in_store,completed,610.3000000000001,0.0,610.3,2026-05-01 13:15:16
885,50,5,12,online,completed,493.32,73.19,420.13,2026-05-16 14:44:57
886,50,5,12,in_store,completed,18.8,0.0,18.8,2026-03-11 09:06:16
887,50,5,12,in_store,completed,193.92000000000002,0.0,193.92,2026-05-14 19:37:44
888,50,5,6,in_store,completed,180.06,0.0,180.06,2026-04-03 16:50:13
889,50,5,6,in_store,completed,113.34,0.0,113.34,2026-05-22 14:41:06
890,53,1,16,online,completed,274.88,0.0,274.88,2026-05-01 11:11:40
891,54,2,3,online,completed,239.62,0.0,239.62,2026-03-28 20:51:50
892,57,2,3,in_store,completed,299.53,0.0,299.53,2026-03-26 19:55:31
893,57,3,14,in_store,completed,127.17000000000002,11.3,115.87,2026-04-27 10:43:08
894,60,3,14,in_store,completed,66.73,0.0,66.73,2026-03-19 16:40:34
895,60,3,4,in_store,completed,117.16,0.0,117.16,2026-04-17 11:12:52
896,63,4,2,in_store,completed,69.04,0.0,69.04,2026-03-03 12:18:02
897,63,4,11,online,completed,487.44999999999993,0.0,487.45,2026-03-11 18:07:17
898,64,1,8,in_store,completed,62.88,0.0,62.88,2026-03-26 14:55:52
899,64,4,15,online,completed,296.99,0.0,296.99,2026-04-11 11:39:08
900,70,2,13,in_store,completed,317.12,0.0,317.12,2026-05-05 10:08:48
901,71,2,13,in_store,completed,310.64,0.0,310.64,2026-03-14 18:40:17
902,71,2,13,in_store,pending,252.49,0.0,252.49,2026-05-25 14:29:31
903,73,5,6,online,completed,127.56,0.0,127.56,2026-03-22 15:52:13
904,76,5,12,in_store,completed,43.6,0.0,43.6,2026-03-10 19:50:53
905,76,5,6,in_store,completed,679.3199999999999,76.46,602.86,2026-05-24 13:05:41
906,80,3,4,in_store,completed,82.34,0.0,82.34,2026-03-09 20:06:00
907,80,3,4,in_store,pending,108.47,0.0,108.47,2026-04-03 10:55:27
908,85,3,10,in_store,completed,133.04,11.32,121.72,2026-04-07 11:41:43
909,90,4,15,online,completed,28.81,3.54,25.27,2026-04-29 19:28:55
910,81,3,4,in_store,completed,644.72,0.0,644.72,2026-06-01 19:56:38
911,78,2,9,app,pending,310.57,22.96,287.61,2026-06-01 10:28:44
912,3,2,9,in_store,completed,241.78,60.44,181.34,2026-06-01 12:47:54
913,42,2,3,in_store,completed,70.06,10.51,59.55,2026-06-01 18:02:48
914,98,4,11,online,completed,110.51,5.53,104.98,2026-06-01 11:34:14
915,42,3,14,in_store,completed,218.83,0.0,218.83,2026-06-01 15:24:51
916,3,4,2,app,completed,176.79,8.84,167.95,2026-06-01 19:22:59
917,62,5,6,in_store,completed,125.9,7.26,118.64,2026-06-02 17:13:27
918,8,2,13,online,completed,218.8,22.27,196.53,2026-06-02 09:28:55
919,93,1,1,in_store,completed,684.15,12.17,671.98,2026-06-02 15:34:26
920,64,5,12,in_store,completed,37.74,0.0,37.74,2026-06-02 21:33:50
921,85,4,15,in_store,completed,367.49,33.67,333.82,2026-06-02 17:50:53
922,23,1,7,online,completed,88.28,2.91,85.37,2026-06-02 18:46:13
923,60,2,3,online,completed,130.39,0.0,130.39,2026-06-02 20:51:11
924,69,2,9,in_store,completed,381.42,76.98,304.44,2026-06-02 15:55:57
925,69,5,12,online,completed,58.46,0.0,58.46,2026-06-02 19:45:39
926,40,1,1,online,completed,165.41,0.0,165.41,2026-06-03 17:43:59
927,75,4,11,online,completed,246.01,25.33,220.68,2026-06-03 13:46:49
928,38,2,13,in_store,completed,189.52,30.12,159.4,2026-06-03 09:08:33
929,25,5,12,online,completed,90.68,0.0,90.68,2026-06-03 21:08:11
930,22,2,9,online,completed,164.68,41.17,123.51,2026-06-03 15:16:20
931,17,1,8,online,completed,184.39,27.63,156.76,2026-06-03 14:40:33
932,22,3,10,online,completed,252.3,0.0,252.3,2026-06-04 14:50:14
933,17,5,12,in_store,completed,208.54,26.18,182.36,2026-06-04 19:26:09
934,8,2,9,online,cancelled,328.4,62.65,265.75,2026-06-04 13:08:45
935,78,5,6,app,completed,325.44,36.92,288.52,2026-06-04 10:05:09
936,20,2,9,in_store,completed,343.55,0.0,343.55,2026-06-04 15:12:47
937,6,4,15,in_store,completed,174.56,8.73,165.83,2026-06-04 17:01:11
938,8,2,9,in_store,completed,15.16,0.0,15.16,2026-06-04 13:13:34
939,52,2,13,in_store,completed,50.86,7.63,43.23,2026-06-04 13:39:19
940,47,3,14,in_store,completed,115.37,0.0,115.37,2026-06-05 10:49:05
941,82,3,10,in_store,completed,130.8,0.0,130.8,2026-06-05 11:12:51
942,5,2,13,online,completed,82.19,0.0,82.19,2026-06-05 20:08:27
943,90,2,13,online,completed,155.04,18.92,136.12,2026-06-05 12:21:09
944,7,3,14,in_store,completed,247.72,10.3,237.42,2026-06-05 10:43:49
945,48,3,4,in_store,completed,249.27,18.45,230.82,2026-06-06 19:39:26
946,24,2,3,online,completed,77.49,19.37,58.12,2026-06-06 21:29:32
947,81,3,4,in_store,completed,321.81,0.0,321.81,2026-06-06 12:29:13
948,32,1,1,in_store,completed,89.63,0.0,89.63,2026-06-06 15:02:11
949,47,1,7,online,completed,102.19,25.55,76.64,2026-06-07 14:53:16
950,5,3,10,in_store,completed,317.43,0.0,317.43,2026-06-07 13:32:53
951,34,3,10,online,completed,759.78,13.09,746.69,2026-06-07 17:33:38
952,86,2,9,app,completed,178.43,30.12,148.31,2026-06-08 17:33:55
953,73,5,6,online,completed,351.81,32.77,319.04,2026-06-08 13:49:55
954,8,3,4,online,completed,455.47,0.0,455.47,2026-06-08 11:51:52
955,73,5,12,in_store,completed,265.95,0.0,265.95,2026-06-08 20:03:48
956,67,2,13,in_store,completed,99.85,12.16,87.69,2026-06-08 17:05:29
957,89,3,10,in_store,completed,45.42,0.0,45.42,2026-06-08 09:10:32
958,94,3,4,in_store,cancelled,90.84,0.0,90.84,2026-06-08 16:13:23
959,96,5,6,app,completed,317.21,23.02,294.19,2026-06-09 19:47:28
960,94,5,12,in_store,completed,417.48,10.3,407.18,2026-06-09 11:41:57
961,61,2,3,online,completed,319.46,29.03,290.43,2026-06-09 14:29:24
962,3,5,6,online,completed,142.43,11.08,131.35,2026-06-09 13:02:05
963,68,4,15,online,completed,441.25,22.06,419.19,2026-06-09 09:09:57
964,39,2,3,online,completed,351.78,8.74,343.04,2026-06-09 17:07:46
965,95,2,3,online,completed,214.56,0.0,214.56,2026-06-09 16:12:49
966,39,4,11,online,completed,46.18,6.93,39.25,2026-06-09 17:29:50
967,28,4,15,in_store,completed,238.42,11.92,226.5,2026-06-09 18:55:33
968,88,1,7,in_store,completed,250.94,26.41,224.53,2026-06-10 10:51:06
969,48,5,12,in_store,completed,213.68,19.28,194.4,2026-06-10 09:13:45
970,30,1,8,online,completed,210.08,19.44,190.64,2026-06-10 09:59:57
971,75,5,12,in_store,completed,75.68,0.0,75.68,2026-06-10 20:46:34
972,62,2,9,in_store,completed,133.36,0.0,133.36,2026-06-10 15:29:05
973,96,1,1,in_store,completed,103.61,9.99,93.62,2026-06-10 17:12:32
974,61,1,8,online,completed,37.74,0.0,37.74,2026-06-11 16:55:44
975,43,2,9,in_store,completed,68.4,6.14,62.26,2026-06-11 20:31:40
976,7,2,3,in_store,completed,200.76,0.0,200.76,2026-06-11 12:19:38
977,55,2,9,online,completed,262.84,38.02,224.82,2026-06-11 12:42:30
978,9,4,2,in_store,completed,179.66,8.99,170.67,2026-06-11 13:09:24
979,24,3,10,in_store,completed,62.52,0.0,62.52,2026-06-11 16:46:53
980,86,3,4,online,completed,395.1,0.0,395.1,2026-06-11 09:13:13
981,34,4,15,in_store,completed,125.39,6.27,119.12,2026-06-11 16:15:11
982,89,5,12,online,completed,136.92,0.0,136.92,2026-06-12 19:03:39
983,21,1,8,app,pending,327.8,0.0,327.8,2026-06-12 17:18:51
984,84,5,12,app,completed,217.53,32.63,184.9,2026-06-12 21:15:35
985,50,5,6,in_store,refunded,93.45,0.0,93.45,2026-06-12 12:23:01
986,52,5,6,in_store,completed,69.5,0.0,69.5,2026-06-12 14:19:57
987,60,5,6,app,completed,50.91,5.36,45.55,2026-06-12 12:55:51
988,40,4,2,app,completed,304.03,15.19,288.84,2026-06-12 17:50:27
989,56,5,6,phone,completed,81.67,0.0,81.67,2026-06-13 15:11:27
990,67,2,3,online,completed,499.36,110.85,388.51,2026-06-13 21:19:16
991,3,3,10,in_store,completed,125.25,10.88,114.37,2026-06-13 18:55:37
992,18,5,12,online,completed,742.41,20.73,721.68,2026-06-13 13:13:45
993,38,5,12,online,completed,592.92,9.39,583.53,2026-06-14 19:07:42
994,20,4,15,online,completed,576.6,0.0,576.6,2026-06-14 14:36:24
995,70,5,6,online,completed,761.64,9.78,751.86,2026-06-14 20:18:34
996,43,5,12,in_store,completed,178.66,17.3,161.36,2026-06-14 18:34:33
997,6,2,3,online,completed,372.84,13.85,358.99,2026-06-14 10:37:55
